Dataset,Rows,GPEI-25_mean,GPEI-25_std,GPEI-25_budget,GPEI-25_runtime_mean,GPEI-25_runtime_std,GPEI-25_tier,GPEI-50_mean,GPEI-50_std,GPEI-50_budget,GPEI-50_runtime_mean,GPEI-50_runtime_std,GPEI-50_tier,GPEI-100_mean,GPEI-100_std,GPEI-100_budget,GPEI-100_runtime_mean,GPEI-100_runtime_std,GPEI-100_tier,GPEI-200_mean,GPEI-200_std,GPEI-200_budget,GPEI-200_runtime_mean,GPEI-200_runtime_std,GPEI-200_tier,HEBO-25_mean,HEBO-25_std,HEBO-25_budget,HEBO-25_runtime_mean,HEBO-25_runtime_std,HEBO-25_tier,HEBO-50_mean,HEBO-50_std,HEBO-50_budget,HEBO-50_runtime_mean,HEBO-50_runtime_std,HEBO-50_tier,HEBO-100_mean,HEBO-100_std,HEBO-100_budget,HEBO-100_runtime_mean,HEBO-100_runtime_std,HEBO-100_tier,HILL-25_mean,HILL-25_std,HILL-25_budget,HILL-25_runtime_mean,HILL-25_runtime_std,HILL-25_tier,HILL-50_mean,HILL-50_std,HILL-50_budget,HILL-50_runtime_mean,HILL-50_runtime_std,HILL-50_tier,HILL-100_mean,HILL-100_std,HILL-100_budget,HILL-100_runtime_mean,HILL-100_runtime_std,HILL-100_tier,HILL-200_mean,HILL-200_std,HILL-200_budget,HILL-200_runtime_mean,HILL-200_runtime_std,HILL-200_tier,ILS-25_mean,ILS-25_std,ILS-25_budget,ILS-25_runtime_mean,ILS-25_runtime_std,ILS-25_tier,ILS-50_mean,ILS-50_std,ILS-50_budget,ILS-50_runtime_mean,ILS-50_runtime_std,ILS-50_tier,ILS-100_mean,ILS-100_std,ILS-100_budget,ILS-100_runtime_mean,ILS-100_runtime_std,ILS-100_tier,ILS-200_mean,ILS-200_std,ILS-200_budget,ILS-200_runtime_mean,ILS-200_runtime_std,ILS-200_tier,MOSMAC-25_mean,MOSMAC-25_std,MOSMAC-25_budget,MOSMAC-25_runtime_mean,MOSMAC-25_runtime_std,MOSMAC-25_tier,MOSMAC-50_mean,MOSMAC-50_std,MOSMAC-50_budget,MOSMAC-50_runtime_mean,MOSMAC-50_runtime_std,MOSMAC-50_tier,MOSMAC-100_mean,MOSMAC-100_std,MOSMAC-100_budget,MOSMAC-100_runtime_mean,MOSMAC-100_runtime_std,MOSMAC-100_tier,MOSMAC-200_mean,MOSMAC-200_std,MOSMAC-200_budget,MOSMAC-200_runtime_mean,MOSMAC-200_runtime_std,MOSMAC-200_tier,SA-25_mean,SA-25_std,SA-25_budget,SA-25_runtime_mean,SA-25_runtime_std,SA-25_tier,SA-50_mean,SA-50_std,SA-50_budget,SA-50_runtime_mean,SA-50_runtime_std,SA-50_tier,SA-100_mean,SA-100_std,SA-100_budget,SA-100_runtime_mean,SA-100_runtime_std,SA-100_tier,SA-200_mean,SA-200_std,SA-200_budget,SA-200_runtime_mean,SA-200_runtime_std,SA-200_tier,TS-25_mean,TS-25_std,TS-25_budget,TS-25_runtime_mean,TS-25_runtime_std,TS-25_tier,TS-50_mean,TS-50_std,TS-50_budget,TS-50_runtime_mean,TS-50_runtime_std,TS-50_tier,TS-100_mean,TS-100_std,TS-100_budget,TS-100_runtime_mean,TS-100_runtime_std,TS-100_tier,TS-200_mean,TS-200_std,TS-200_budget,TS-200_runtime_mean,TS-200_runtime_std,TS-200_tier
7z,68640,0.47393844400113994,0.3044450648087505,25,3.696991729736328,4.209756708054736,1,0.32207319504198834,0.30981392754179254,50.0,9.275996243953704,3.753518311063307,1.0,0.21434648609276113,0.2781918526758359,100.0,22.5472763299942,3.7254949226410234,1.0,0.05949059680069033,0.11524960033214617,200.0,61.95171594619751,6.36912900431544,1.0,0.4009418185814583,0.2992874493751463,25,37.503101873397824,7.530937582609055,1,0.20813174898222586,0.21640790850721442,50.0,113.86545147895814,6.914014709507883,1.0,nan,nan,nan,nan,nan,nan,0.9669226425157156,0.0,25,0.011899983882904006,0.0005583746581166881,2,0.8937123761412937,0.0,50,0.024167311191558783,0.0007956386564240989,2,0.8903197168644809,2.278129578503827e-16,100,0.053966701030731146,0.002651296607059411,2,0.3564104894116774,1.1390647892519134e-16,200,0.07452088594436643,0.002061560648391705,1,0.8398963362039229,0.1710750214064857,25,0.00584656000137324,0.001603919391036294,2,0.827560706049933,0.16685455629596052,50,0.00821936130523677,0.0024507177821141437,2,0.8275308519804309,0.16686580773830878,100,0.013204753398895208,0.0034683328008798253,2,0.8275308519804309,0.16686580773830878,200,0.016666388511657658,0.00536601960768547,2,0.005554141484977055,0.005853289295667617,25,2.4482962846755982,0.09817194749595959,1,0.00419096423173223,0.0052959948003353085,50,5.191750848293305,0.17190771029151883,1,0.002304115674885096,0.003921227147222699,100,8.845333623886109,1.669217546713135,1,0.00033871880130791006,0.00036668359224435753,200.0,18.950529432296754,6.199137290452449,1.0,0.8415641676947091,0.16675678468177735,25,0.007091736793518021,0.0009124567934544504,2,0.8414684681555797,0.16690725675630005,50.0,0.01578079462051387,0.001448005186845912,2.0,0.8414631158323622,0.16690975150612603,100,0.02845871448516841,0.0023088500403482186,2,0.8414631158323622,0.16690975150612603,200,0.055016291141509965,0.0035836897517740095,2,0.8303222669491424,0.1678064690789067,25,0.00627529621124263,0.001015703729457827,2,0.8026104112915464,0.19441940347696193,50,0.007929182052612265,0.0014957970583840546,2,0.7907036092737443,0.18898952322108795,100,0.01614458560943598,0.004000884375622144,2,0.7894060871853011,0.19122889445748614,200,0.023042154312133748,0.00802210437545266,2
Apache_AllMeasurements,192,0.0,0.0,25,2.329971742630005,4.6135614844314174,1,0.0,0.0,50.0,5.231151008605957,4.808398725621635,1.0,0.0,0.0,100.0,12.228769171237946,4.55591608766031,1.0,0.0,0.0,200.0,32.416121649742124,4.41529086868899,1.0,0.0958333333333333,0.0752918298962298,25,49.61870390176773,7.616688387967295,1,0.062499999999999986,0.09316949906249122,50.0,117.59907919168472,11.196101841516056,1.0,nan,nan,nan,nan,nan,nan,0.1166666666666667,0.0,25,0.011188852787017766,0.00033489960676733185,1,0.1166666666666667,0.0,50,0.020163321495056112,0.0010646071372560268,1,0.1166666666666667,0.0,100,0.0377082467079162,0.0016322314733207182,1,0.0,0.0,200,0.04919705390930172,0.0012205185410464167,1,0.3258333333333333,0.3345799059272574,25,0.00544186830520625,0.0004523197435782181,2,0.31833333333333336,0.3396721845875169,50,0.010655820369720414,0.001292740308075777,2,0.31416666666666665,0.34319938623699536,100,0.010863780975341736,0.001201857153009719,2,0.31416666666666665,0.34319938623699536,200,0.018040812015533397,0.0009486170595948125,2,0.017500000000000012,0.020572934016204088,25,2.7391857147216796,0.6362954515468213,1,0.004166666666666675,0.00740436097198867,50,7.4356524586677555,1.1977126357180166,1,0.00166666666666667,0.005129891760425781,100,17.6911687374115,1.9762577436067572,1,0.0,0.0,200.0,58.27412155866623,13.89115825488933,1.0,0.37666666666666665,0.3234228488856138,25,0.0078232884407043,0.00045905605176752484,2,0.35,0.3204072700695949,50.0,0.016634643077850293,0.0010021107214476712,2.0,0.31416666666666665,0.34319938623699536,100,0.02545505762100216,0.0015101051964374885,2,0.31416666666666665,0.34319938623699536,200,0.0379373431205749,0.0010018847834291323,2,0.1275,0.18001583750988678,25,0.0067196488380431695,0.0005410306806414632,1,0.006666666666666665,0.02981423969999719,50,0.011101484298705996,0.0007385502198588963,1,0.0,0.0,100,0.015748941898345897,0.001886015512441102,1,0.0,0.0,200,0.02243039608001704,0.0022335837604011434,1
BDBC,2560,0.12527272704995301,0.2512830660537363,25,4.255508089065552,4.212099941896749,1,0.029357039999677197,0.10225921833936699,50.0,12.241140115261079,4.08313521616164,1.0,0.027108388756999686,0.1025686998085679,100.0,32.66498110294342,4.684198256498868,1.0,0.0036188637594132406,0.010195721720156996,200.0,86.09619626998901,4.920689891671598,1.0,0.07398972654957223,0.1715615740355422,25,27.744949913024904,7.072917134671744,1,0.028198049081597835,0.11013163223296901,50.0,103.55591243505478,10.589575273494315,1.0,0.05219263675214927,0.14533949283982556,100.0,115.29872269630432,8.198822671451271,1.0,0.9889342443666915,1.1390647892519134e-16,25,0.012085986137390094,0.0016814175510952223,2,0.9851227192547503,1.1390647892519134e-16,50,0.024627864360809278,0.0014862783841812764,2,0.0004237717821586,0.0,100,0.0496557235717773,0.0020461544332438307,1,0.0004237717821586,0.0,200,0.06715030670166013,0.02935816445264008,1,0.8222691910363347,0.26279377676486027,25,0.004996037483215274,0.0012172646672844313,2,0.8222341135214757,0.2627952190265553,50,0.011195194721221874,0.0016991236298218215,2,0.8222341135214757,0.2627952190265553,100,0.01625510454177852,0.0015115348520885201,2,0.8222341135214757,0.2627952190265553,200,0.02260544300079341,0.0016383506546411263,2,0.001240288445613162,0.0013984384955044288,25,2.9601481437683104,0.24575844113327772,1,0.0010170470153054092,0.0012314787701491567,50,4.946502947807312,0.7917985374222624,1,0.00043904321148865695,0.000788002932761719,100,7.591821670532227,3.8982787517405098,1,0.00040465362618254824,0.0006336927404448012,200.0,8.491646683216095,8.47803484638377,1.0,0.8222999988309445,0.2627939613216112,25,0.00842150449752803,0.0003883690965040173,2,0.8222804819213648,0.26278466761105906,50.0,0.019978153705596868,0.0011955906286626869,2.0,0.8222341135214757,0.2627952190265553,100,0.03475986719131466,0.002524853657345313,2,0.8222341135214757,0.2627952190265553,200,0.06315293312072749,0.0037851767728701515,2,0.2077398705402284,0.2334398528244785,25,0.00539780855178827,0.0010232069024007525,1,0.06931680353316333,0.1679185786162067,50,0.012389624118804881,0.0005761392747957099,1,0.00015431478904963497,0.00021757055852119093,100,0.027506983280181842,0.0028240399690473597,1,0.0,0.0,200,0.0512301087379455,0.003907869954966095,1
FFM-1000-200-0.50-SAT-1,10000,0.3660305471798105,0.012904549291232524,25,2.098828685283661,4.211744121416986,1,0.3554619609580057,0.006938735540174101,50.0,4.2788492918014525,4.460129030926461,1.0,0.35113002167781227,5.695323946259567e-17,100.0,9.175856745243072,4.269719655059723,1.0,0.35113002167781227,5.695323946259567e-17,200.0,22.418484020233155,4.690807290951076,1.0,0.4008064742603084,0.025964919688433712,25,17.272248435020447,7.706180427220184,2,0.37226031056987463,0.016413590332742027,50.0,53.21509054899216,8.217583552307458,1.0,0.36745944062807473,0.012241615258350935,100.0,125.97823110818862,9.0804505838513,1.0,0.40409021887648644,5.695323946259567e-17,25,0.09239151477813716,0.00478399146446036,2,0.40409021887648644,5.695323946259567e-17,50,0.1854595065116882,0.018184311046381213,2,0.40409021887648644,5.695323946259567e-17,100,0.34778705835342405,0.025362631856295337,2,0.4023990919086379,0.0,200,0.756496262550354,0.05642393298462267,2,0.3988023112000387,0.027757562742448005,25,0.11662646532058711,0.019131247390076628,2,0.3852240542391027,0.027633930538159386,50,0.2021876454353332,0.031121981782899415,1,0.38210765704815,0.025301722445765822,100,0.35838171243667605,0.057987409688109226,1,0.3807667149569346,0.026227468356334542,200,0.5718191742897034,0.09496612011380173,1,0.41631939232573084,0.024029775036734712,25,18.47946364879608,2.927420200144068,2,0.40826135929339913,0.021723796810440205,50,29.17417812347412,12.839092055771408,2,0.400519630495875,0.021539554075803716,100,46.81542407274246,29.619843575334194,2,0.3969662248596711,0.017186668491519147,200.0,45.26151369810104,16.1774933366646,2.0,0.4356223765875722,0.05664341684533082,25,0.1637019515037536,0.01965561388123124,2,0.43270090935801003,0.0552774759359179,50.0,0.29401174783706663,0.026767380985391796,2.0,0.4301682939723837,0.05229649142480277,100,0.5724401831626892,0.06321031008812455,2,0.4301682939723837,0.05229649142480277,200,1.0178664088249207,0.08791356211317626,2,0.40996003452802166,0.03413151801717568,25,0.10840491056442256,0.018993554795164354,2,0.3819491315432401,0.023977869783330257,50,0.18990597724914546,0.029497270411098942,1,0.37041193769720315,0.01836248508341191,100,0.35423927307128905,0.052376905544503534,1,0.3636237762995219,0.01789164548064818,200,0.6172759890556335,0.08015097541574341,1
FFM-125-25-0.50-SAT-1,10000,0.35854565803941363,0.043299368349980064,25,7.826733827590942,2.3996184245274574,1,0.32701086188523704,0.038991856277929275,50.0,7.772285830974579,3.8362990559272663,1.0,0.3147341749999475,0.03251199009874553,100.0,19.82100204229355,4.065876782971287,1.0,0.30133589571875896,0.023859600313081163,200.0,162.00804562568663,10.633185766152849,1.0,0.36924869230371465,0.02752617914530747,25,1.2642873764038085,5.203947509992854,2,0.3164221496872758,0.02634856288118623,50.0,34.218516409397125,8.552202677238675,1.0,0.3095381951118455,0.02511162689541279,100.0,113.99588352441788,6.073963988746053,1.0,0.32833642396068285,5.695323946259567e-17,25,0.026090645790100047,0.0007436275458038551,1,0.32833642396068285,5.695323946259567e-17,50,0.06785435676574704,0.0016319434115676832,1,0.2909723352123343,0.0,100,0.09405409097671505,0.00176437415827814,1,0.2909723352123343,0.0,200,0.16376985311508177,0.003934066733817361,1,0.4175674575264714,0.060430461498826485,25,0.01811678409576411,0.0030841950228576317,3,0.41522572187386136,0.05820266100744488,50,0.030059242248535116,0.00451447547755991,3,0.4102991015750533,0.056300499496414316,100,0.049901986122131294,0.007419306988949349,3,0.4094313088321061,0.056783926527667374,200,0.07537139654159543,0.010704151185788494,3,0.3454396478394492,0.03690321607884548,25,4.019138956069947,0.5125457381612021,1,0.31965557260296873,0.030715691934220187,50,7.74618239402771,0.5827570452822037,1,0.30646175628334865,0.018700325912526072,100,17.98547399044037,0.7018183223936029,1,0.30208642539297664,0.02725181479112169,200.0,44.94926905632019,1.429044793403948,1.0,0.424948078772589,0.06324881223977476,25,0.027209913730621288,0.004212912416391779,3,0.4179332638693877,0.05875652054198423,50.0,0.054338228702545135,0.0070318962126883254,3.0,0.41551476351396693,0.055387276576728144,100,0.0980902791023254,0.01206295993129677,3,0.41551476351396693,0.055387276576728144,200,0.18581742048263544,0.022936610565800934,3,0.3992956670520484,0.05661650456338489,25,0.018913686275482136,0.001882763289345433,3,0.3592704263971607,0.05219236712740784,50,0.032457399368286094,0.0031611884065345986,1,0.32766859792621394,0.042774208798262256,100,0.0603349924087524,0.004670335328238394,1,0.28758034113917275,0.013380791712111676,200,0.11541805267333982,0.012212103459617304,1
FFM-250-50-0.50-SAT-1,10000,0.3567418658146444,0.013851457734879889,25,1.8996466279029847,3.3096578903683356,1,0.34367885178742325,0.005378974637504201,50.0,4.039045894145966,3.3111808568270464,1.0,0.3418585060970254,0.0023204538078233318,100.0,15.327159857749939,4.285157808850513,1.0,0.3414815563295007,0.0016857706085760093,200.0,28.658644115924837,3.205653746884483,1.0,0.3829958738256993,0.03005790905347986,25,15.705189228057861,8.256626201007535,1,0.36344133765361336,0.021586534250324092,50.0,50.88380084037781,8.508621007742152,1.0,0.36009234516996613,0.0218801141758487,100.0,120.48533416986466,9.203294976925685,1.0,0.4386927014634546,0.0,25,0.05549621582031246,0.0007803194088088222,3,0.4100301415224428,0.0,50,0.10344099998474117,0.006361145637024522,2,0.4100301415224428,0.0,100,0.18358176946640012,0.010126688798504879,2,0.4028351634633391,0.0,200,0.23927450180053705,0.014576885820595973,2,0.43076475994609026,0.031434600217264866,25,0.03207495212554927,0.004252977705351394,3,0.4206133539135471,0.029445787002862624,50,0.07955367565155028,0.011005363298871342,2,0.41647468126663034,0.025969600673487588,100,0.09643813371658323,0.019888557637794336,2,0.4143662373428841,0.02523279438146671,200,0.1731521368026733,0.025111746725125502,2,0.3980254218786333,0.02214025679834678,25,5.3058424353599545,0.6313814442246173,2,0.3671188520675198,0.020243491088054056,50,12.673558664321899,1.8073265268562626,1,0.3705474632792124,0.02245786525548164,100,10.267416727542876,6.625000172537271,1,0.3611468269864989,0.016159165107473512,200.0,19.767658746242525,17.32607574103769,1.0,0.4611301625367382,0.05121300589316868,25,0.04610494375228878,0.004812064204480441,3,0.44822134421429516,0.047568789947852096,50.0,0.08490502834320066,0.008277215105020403,3.0,0.4458991631440644,0.04798316162497451,100,0.15633373260498043,0.019700114870725226,3,0.4458991631440644,0.04798316162497451,200,0.29269330501556395,0.03538077048131069,3,0.43472883968519105,0.036684673732429174,25,0.03658623695373529,0.005151504443941366,3,0.40388362452436943,0.023832821314537008,50,0.058204340934753365,0.008992690902532264,2,0.3928169534284993,0.023559606299058705,100,0.14776009321212763,0.017415786021051566,1,0.3920586433599874,0.02333472192345226,200,0.2522258281707764,0.03512713652040539,1
FFM-500-100-0.50-SAT-1,10000,0.3293090632172827,0.034863673496027404,25,2.3551340460777284,3.4759552272222,1,0.29723778067627427,0.03192315488967381,50.0,6.051377940177917,4.184280269626722,1.0,0.27745773325783496,0.025549803828212925,100.0,14.80006421804428,3.6924114792664904,1.0,0.2656612781270272,0.011975039965801635,200.0,34.14548144340515,4.6853621323658015,1.0,0.3455462377033924,0.03992069230159465,25,10.40236530303955,7.634603371272066,1,0.30920910412614533,0.030427127735389987,50.0,57.0470309138298,7.665256738644808,1.0,0.29875665564556525,0.031376363200542344,100.0,118.4298882484436,8.65311144448253,1.0,0.47653798155831045,5.695323946259567e-17,25,0.10459879636764521,0.004427412113656705,3,0.4144875646873628,0.0,50,0.20223323106765742,0.008129564425611958,2,0.4022131946906343,5.695323946259567e-17,100,0.2969233751296997,0.020638280809211297,2,0.27112207702442415,5.695323946259567e-17,200,0.6369188070297241,0.0035594609365942925,1,0.4285044076323473,0.06624748956131203,25,0.05844049453735347,0.009184871524967548,2,0.4209567511057527,0.0648309695040803,50,0.10585342645645138,0.020666824230896774,2,0.4067378053107615,0.06184735399889504,100,0.19746835231781004,0.036648764430683094,2,0.4050405915678203,0.0617525878370814,200,0.27503966093063353,0.04960949074429075,2,0.34868065435191525,0.04058716443815758,25,10.443353199958802,0.5524907977574524,1,0.31282012946377097,0.014091550987614885,50,19.89191029071808,2.1916391154845063,1,0.30776720366231985,0.021234261805297236,100,33.74161329269409,16.63365366212452,1,0.30303878814558516,0.02371117762552837,200.0,63.10975649356842,54.43780776117533,1.0,0.46570553960192396,0.06589116054762405,25,0.09754023551940913,0.012917242901757395,3,0.45776926104185006,0.06657942830479377,50.0,0.20497560501098627,0.03324938956613177,3.0,0.44210795968803007,0.06665910516141882,100,0.3327856421470642,0.04482878264396749,3,0.44114156821936124,0.06726321303049004,200,0.6489605665206909,0.11463844041814827,3,0.40941732849177537,0.058932006135630974,25,0.06673704385757442,0.008920960653523883,2,0.36499310824855385,0.04709036256612947,50,0.14978876113891598,0.012081250026488969,1,0.3563684742572294,0.042683979161439754,100,0.21792658567428586,0.01863829751752318,1,0.35069133584418266,0.0401116322847024,200,0.37578593492507933,0.041503622196686116,1
FM-500-100-0.25-SAT-1,10000,0.3374462918566989,0.023950561598740535,25,2.6802161693573,4.227095824794952,1,0.3244190779515107,0.006817784849842905,50.0,6.016263365745544,3.895633564834016,1.0,0.3225455210178285,0.005405133389221967,100.0,16.966087317466737,3.829577346163003,1.0,0.3204782034645765,0.004565638548255481,200.0,37.161419332027435,3.666280441857354,1.0,0.37343852876864353,0.02883789124691467,25,7.195357894897461,7.968019248819258,1,0.34425891423607047,0.02288682335243357,50.0,45.62904095649719,8.153521028004025,1.0,nan,nan,nan,nan,nan,nan,0.39903983400756776,5.695323946259567e-17,25,0.0764281868934631,0.003113701878464981,2,0.39903983400756776,5.695323946259567e-17,50,0.16277047395706173,0.0043918606166758025,2,0.38440387283960775,5.695323946259567e-17,100,0.24842489957809444,0.008861403451306898,2,0.36282453030655254,5.695323946259567e-17,200,0.42528709173202517,0.03724058851746442,1,0.41210509000596873,0.04901875030174389,25,0.07170976400375363,0.010663766868501567,2,0.40989324705464175,0.04838542157974841,50,0.12736328840255734,0.02485960692291409,2,0.4090709933922727,0.04766593480283066,100,0.15322949886322018,0.030245020976218884,2,0.405659927786784,0.04813162191451795,200,0.23429948091506958,0.04632846579625051,2,0.4014627126802742,0.03231032303843481,25,10.269857215881348,0.5770582293921609,2,0.36611629049996386,0.018969232611526173,50,20.797316002845765,0.9785285847780707,1,0.3618888476383196,0.025670634687163213,100,43.8592090010643,16.56017196369653,1,0.34828548209683713,0.017241697125960343,200.0,55.035010361671446,26.4819733256501,1.0,0.4373053139345875,0.06482096631718705,25,0.0944388151168823,0.016851788938683703,2,0.4227718671632572,0.06251688429814813,50.0,0.23656905889511104,0.03368010746412901,2.0,0.4186385998988654,0.05675258519307594,100,0.30228768587112426,0.04107154689370407,2,0.4186385998988654,0.05675258519307594,200,0.6662801742553711,0.08872008030320527,2,0.4159288305678692,0.056113939856479264,25,0.05454456806182858,0.00830819788363825,2,0.3964875737300921,0.04375224972980734,50,0.09621858596801754,0.014097401454419725,2,0.39460859845373736,0.04202542815590079,100,0.18213018178939816,0.02653100313671456,2,0.39460859845373736,0.04202542815590079,200,0.30522726774215697,0.055772332142515584,2
FM-500-100-0.50-SAT-1,10000,0.33252310855820316,0.03485658761154822,25,4.838368737697602,1.8807432321526256,1,0.3126566176628147,0.025506845571329848,50.0,11.132106339931488,4.6231589090331475,1.0,0.3018391312371923,0.025184408840996923,100.0,14.050209724903107,3.75575373263996,1.0,0.2970281336987061,0.01970508480753945,200.0,69.81585379838944,7.999052786340893,1.0,0.3597507512386205,0.039579705106546834,25,9.315634870529175,7.993881728601021,2,0.3155836550909679,0.030726359836672455,50.0,45.913468182086945,7.017551242350578,1.0,0.30778446698250744,0.022655386593216954,100.0,119.96414641141891,9.123332689901023,1.0,0.42271876757790744,5.695323946259567e-17,25,0.07066054344177242,0.006493357077866824,4,0.42271876757790744,5.695323946259567e-17,50,0.10696867704391477,0.0061003943940143735,4,0.41151454128265613,5.695323946259567e-17,100,0.2538953423500061,0.0038526510773313665,3,0.35078187152528073,5.695323946259567e-17,200,0.4016577243804932,0.027248257937769218,1,0.38983950661415984,0.07686328594695928,25,0.0634282350540161,0.01102328283556773,2,0.3820155076724915,0.07453833703234977,50,0.10925005674362179,0.02010554171057104,2,0.38045182748731765,0.07466138121149404,100,0.25270148515701296,0.04803026646959594,2,0.37827844952471246,0.07215207817258165,200,0.371563184261322,0.07128517320105249,2,0.3504883518303008,0.03865196632156112,25,17.86085811853409,0.1892224480993648,1,0.31352658162419883,0.03632315629100319,50,36.78799085617065,2.2190579415724714,1,0.3022139649723464,0.03230481163156512,100,45.51287801265717,14.002727839301881,1,nan,nan,nan,nan,nan,nan,0.3997356327307341,0.07236618728425959,25,0.11987770795822142,0.013619833234192854,3,0.3804063161278034,0.05273125700462902,50.0,0.16165226697921747,0.020501419381059337,2.0,0.37748509541786757,0.05326047223148409,100,0.39740062952041627,0.036327990062383804,2,0.37748509541786757,0.05326047223148409,200,0.5772975206375122,0.06854415649044888,2,0.3750336552325296,0.07131067461547247,25,0.0932871580123901,0.012532896522941499,2,0.3297068443338366,0.052359257036931554,50,0.10003473758697505,0.011108827847522876,1,0.3238038221754805,0.04725344292339182,100,0.20847972631454464,0.026557047530949056,1,0.3238038221754805,0.04725344292339182,200,0.32320958375930786,0.03709950903804011,1
FM-500-100-0.75-SAT-1,10000,0.2584785599317323,0.01886855966505021,25,4.30098956823349,2.6815303787438176,1,0.2480488797650815,0.011670120210920693,50.0,11.294139647483826,2.560572671545147,1.0,0.24171316485355812,2.8476619731297836e-17,100.0,28.84964511394501,2.357393264158557,1.0,0.24171316485355812,2.8476619731297836e-17,200.0,38.380652928352355,4.8463326810844425,1.0,0.3269164731924529,0.048654677618145764,25,16.50119172334671,8.161834079031719,1,0.28820008956969734,0.024340953870638907,50.0,94.62296515703201,7.799115433511647,1.0,0.27895518470535247,0.02932269885283751,100.0,120.61353973150253,7.802995492902651,1.0,0.3690151432371954,0.0,25,0.06804181337356563,0.004451320743608734,2,0.34011085825233767,5.695323946259567e-17,50,0.12476826906204219,0.011722539880127038,2,0.24171316485355812,2.8476619731297836e-17,100,0.25797531604766843,0.01921227820240041,1,0.24171316485355812,2.8476619731297836e-17,200,0.5007917284965515,0.024424741586813497,1,0.3819515630148583,0.055444358970330454,25,0.06565178632736202,0.015430138715659994,2,0.36599264827620676,0.05801700188115929,50,0.1210823059082031,0.024413322078257416,2,0.3604179245084644,0.06506595340504821,100,0.2155047535896301,0.054306384773776306,2,0.3604179245084644,0.06506595340504821,200,0.33079640865325927,0.0784983010593155,2,0.32535828825174934,0.035586130797897464,25,10.956574749946594,0.6885088176476537,1,0.3072485070979653,0.03179134735377702,50,28.052002477645875,8.355372209401924,1,0.3229727421544354,0.03475379724596215,100,25.05433762073517,10.52922521866085,1,0.3091399268740608,0.029234599300552253,200.0,54.875171506404875,35.57936063327085,1.0,0.44137335333676353,0.09566417137411629,25,0.08197116851806638,0.00966801496555926,3,0.43424960137359153,0.09337924510921071,50.0,0.20433398485183712,0.025498160039464104,3.0,0.4314696195546147,0.09371272091142006,100,0.36870168447494506,0.0305534589681704,3,0.4314696195546147,0.09371272091142006,200,0.5688892483711243,0.060944370850959495,3,0.3864810004006435,0.07239918769941847,25,0.07870390415191646,0.012430535018699049,2,0.34027680742507926,0.07108088468784701,50,0.12385181188583369,0.02751212369868812,2,0.32336310639864546,0.06276962075844357,100,0.19881079196929927,0.03500048526582629,1,0.32336310639864546,0.06276962075844357,200,0.3398607850074768,0.06775815579294805,1
FM-500-100-1.00-SAT-1,10000,0.31441214924198785,0.02136962454794962,25,3.8844768524169924,2.9084118820007827,1,0.3021336585079304,0.008242141442480123,50.0,11.609085476398468,2.570986821087366,1.0,0.29786252924337153,0.002839392654104111,100.0,27.94949600696564,2.4784700735671685,1.0,0.29751659204007513,0.0025346649274768543,200.0,70.48764790296555,4.985588785272392,1.0,0.3426136520585286,0.028644753553780388,25,31.63353098630905,4.848028456632069,1,0.3159207854685794,0.016731412612533067,50.0,52.31749588251114,8.183958156963795,1.0,nan,nan,nan,nan,nan,nan,0.3249961048555755,0.0,25,0.06852639913558957,0.004839683274348584,1,0.3249961048555755,0.0,50,0.1207420706748962,0.009098862169621873,1,0.3033975244961144,0.0,100,0.19602543115615845,0.014365347019170006,1,0.3033975244961144,0.0,200,0.39202476739883424,0.03718109161780243,1,0.3802651071157691,0.044159183204711884,25,0.08510638475418088,0.0250855092602389,3,0.363037039049608,0.03807739857836936,50,0.11584032773971553,0.02568602537397634,2,0.3554749217598289,0.0363311334918172,100,0.22148751020431515,0.05763265385584846,2,0.3483654441038453,0.02997881895509895,200,0.3286367177963257,0.06553483000256483,2,0.32789641910197015,0.018116876611101528,25,14.509969758987427,1.0471646934092873,1,0.31092177346965943,0.02185052309405258,50,29.062374091148378,8.2360453124582,1,0.3167759809411155,0.024335976899130786,100,41.65043028593063,23.19593130906658,1,0.31480708499379256,0.022816693588550787,200.0,48.52882732152939,30.565942465791935,1.0,0.41319545772040867,0.03872128767751968,25,0.09766663312911983,0.016982576625828732,4,0.39425743897885457,0.0317707664642615,50.0,0.19376077651977536,0.02427112591329579,3.0,0.38423033115182703,0.035435888166106426,100,0.3037624716758728,0.037165943894292744,3,0.38423033115182703,0.035435888166106426,200,0.6250719904899598,0.08044629568642025,3,0.3757925181480592,0.06348186429065068,25,0.07221605777740474,0.010577003068704512,3,0.33032799047303973,0.03285055663152107,50,0.1157355427742004,0.017912872907566373,1,0.3089617656419754,0.008795788291621276,100,0.2656964898109436,0.037337569900227685,1,0.3089617656419754,0.008795788291621276,200,0.43638335466384887,0.05596653003757449,1
HSMGP_num,3456,0.3281859917352007,0.21780923254071224,25,2.718333387374878,3.676230110321421,1,0.1796254423622758,0.1258018937294445,50.0,3.700639009475708,3.7761212243147178,1.0,0.08236183343089266,0.06229007485089257,100.0,7.908986151218414,3.315549346500034,1.0,0.0331314652388495,0.03783519712994182,200.0,21.79884754419327,3.8822096888474804,1.0,0.47848426697327034,0.3539294106955055,25,18.283009719848632,7.625720733787722,2,0.25747948055817077,0.3452172427729959,50.0,74.75904515981674,4.296449077046407,1.0,0.17278638484266978,0.2551095006175798,100.0,117.76395446062088,7.837179020390042,1.0,0.9424336122014598,2.278129578503827e-16,25,0.008634018898010215,0.0005158277350439594,4,0.2102764204178485,0.0,50,0.02201631069183345,0.000943414993326707,1,0.030147549129705808,7.119154932824459e-18,100,0.04627631902694698,0.003833628721610222,1,0.030147549129705808,7.119154932824459e-18,200,0.05236251354217525,0.0015904160963569065,1,0.7854310391978653,0.3302987550018507,25,0.004998612403869571,0.0006017490548363684,3,0.7738273399378803,0.32525634307182905,50,0.008641815185546827,0.0010863777851886486,3,0.7735243399623185,0.3251036258100648,100,0.013115048408508254,0.0019110446548231456,3,0.7735243399623185,0.3251036258100648,200,0.019076204299926704,0.002427980122596669,3,0.001404480587263865,0.001893565146688309,25,2.439289939403534,0.10669953604277009,1,0.000387661220029575,0.00034230709567797886,50,4.424288403987885,0.4176775393477839,1,0.0002181408972578703,0.00015608310352694266,100,6.233082008361817,1.5357748265183928,1,0.0001939702574283452,0.0002092745744291171,200.0,19.565231728553773,8.61443223860038,1.0,0.8180331360037798,0.30323919323609766,25,0.007074820995330755,0.000981594151771667,3,0.8102215040724676,0.3001758251640831,50.0,0.01249420642852778,0.0010272943240402339,3.0,0.7851472407416674,0.33081055413960675,100,0.027926146984100297,0.001863854880354864,3,0.7748757894442848,0.32569152556693326,200,0.04160333871841426,0.0022218642424301476,3,0.801060552282246,0.3148325521056859,25,0.004342758655548046,0.0005379121454953557,3,0.7782831397858972,0.32718282983992075,50,0.00711859464645381,0.0010877231089493093,3,0.7721416443715692,0.3245403773300275,100,0.014491677284240676,0.0026141776524903453,3,0.7718352113970909,0.32438997057767854,200,0.017824399471282906,0.002852600407920839,3
HSQLDB,864,0.06003676470588241,0.20852083584067574,25,4.110676312446595,1.950703531815326,1,0.00419117647058829,0.009422703105742886,50.0,7.807931315898895,3.9918168224616486,1.0,0.0003676470588236,0.0006533259681167714,100.0,9.368236708641053,3.468243990642043,1.0,0.0,0.0,200.0,73.61721739768981,3.9895004073989586,1.0,0.023419117647058948,0.03336551774039876,25,14.190089774131774,6.990126776234198,1,0.01753676470588244,0.032064286288633025,50.0,52.20387667417526,8.302986441216795,1.0,nan,nan,nan,nan,nan,nan,0.1455882352941176,0.0,25,0.013814699649810743,0.0011295148762930714,1,0.1455882352941176,0.0,50,0.020442783832549997,0.00058754776289341,1,0.028676470588235504,3.5595774664122295e-18,100,0.04061211347579953,0.0013998640165183605,1,0.028676470588235504,3.5595774664122295e-18,200,0.078528881072998,0.00419731574299241,1,0.6431617647058824,0.423310802875807,25,0.00658477544784541,0.00047694680230142745,2,0.6062132352941176,0.44605828918195545,50,0.010543680191039994,0.0014645148283498847,2,0.6036029411764706,0.44392775372591536,100,0.014171540737152044,0.0018038299117571672,2,0.5671323529411765,0.46251271104319414,200,0.021187913417816097,0.003539093623956124,2,0.0023161764705882347,0.0018674154557647416,25,2.030523085594177,0.08118075788441201,1,0.0019485294117646949,0.0014758998502183874,50,4.447616922855377,1.4785497150577314,1,0.00143382352941176,0.0016087391944207665,100,6.398237955570221,3.846900450767166,1,0.00069852941176471,0.0008757167889064363,200.0,14.44852751493454,10.146443958422259,1.0,0.6144852941176471,0.44129784837017133,25,0.008015847206115671,0.0003597809984832757,2,0.6098529411764705,0.4470186835287585,50.0,0.013197374343872015,0.0007574342049769037,2.0,0.6043382352941178,0.44407791402646585,100,0.02349112033843989,0.0008915403222025962,2,0.6038602941176471,0.4440752211374995,200,0.04370192289352411,0.0016455916698445215,2,0.6060661764705884,0.44198596239660676,25,0.004933798313140825,0.0005430616216478399,2,0.6037132352941177,0.4440148935808746,50,0.009702467918395945,0.000943857614570728,2,0.5665073529411765,0.46198757433251747,100,0.01664794683456415,0.0019725954554142625,2,0.5663970588235295,0.46189515101566,200,0.022142374515533397,0.004104201458180365,2
Health-ClosedIssues0000,10000,0.23720407406876806,0.0041501544559359406,25,1.7945650696754456,2.256173879535735,2,0.2624234292857715,0.00428414208778105,50.0,4.208919978141784,2.283856824413966,3.0,0.2578144620880013,0.006435496380187394,100.0,10.78905429840088,2.2110650845999693,3.0,0.23065812103129296,0.0039930163188786364,200.0,31.35802044868469,2.73701703438423,2.0,0.26408798416103596,0.0054462767468301445,25,51.68056358098984,4.465951977833989,3,0.24237116137481882,0.012398747662460833,50.0,58.928696072101594,7.4884612322201445,2.0,0.244859945851211,0.013441050168312431,100.0,132.2614477157593,10.103567139782877,2.0,0.2686667825989061,0.0,25,0.008452618122100774,0.0010962411306293315,3,0.26521491582735846,5.695323946259567e-17,50,0.024959301948547313,0.002068942571060872,3,0.2400397167091422,0.0,100,0.04041364192962642,0.0026336168907708625,2,0.2400397167091422,0.0,200,0.0773192763328552,0.003449547865946592,2,0.2734707151721366,0.04356295193016624,25,0.006136000156402541,0.0010821729688320686,4,0.2634129374607027,0.011612406139686993,50,0.008700942993164016,0.0015069291042124934,3,0.24725179279905535,0.016134365909678726,100,0.014470517635345417,0.002675272708538419,2,0.2514391117049404,0.013354071505473828,200,0.027067601680755567,0.003363604514383517,2,0.1542779898553086,0.027242874821964445,25,1.6592199087142945,0.11748093868895354,1,0.13865149823800563,0.035579047327634276,50,3.2375616073608398,0.08432359018289591,1,0.1289047693045066,0.03780462981823845,100,5.855176103115082,0.10927047437412574,1,0.11718011837665288,0.03815710889852519,200.0,14.792520332336426,0.30448757117127134,1.0,0.2842629922361049,0.043015424960759246,25,0.00978159904479976,0.000826234598477646,4,0.25806359668571743,0.04440746970982664,50.0,0.012763655185699418,0.0008533161726571452,3.0,0.23813153092075426,0.018230325644275295,100,0.027549231052398628,0.0021709364736049253,2,0.24967785540256057,0.012628426743079596,200,0.04780566692352291,0.0028920702269016273,2,0.2757314274673878,0.03265589317746601,25,0.004515075683593696,0.0005362469190887985,4,0.2575952831931535,0.04141499968249656,50,0.011016535758972119,0.0012916760298613188,3,0.2635658439171489,0.006185605632985045,100,0.01327764987945553,0.002148163389628939,3,0.2596506759239166,0.008224068843496208,200,0.022088289260864195,0.003586626255703339,3
Health-ClosedIssues0001,10000,0.35521997057506594,0.0208860116638982,25,1.751066303253174,2.1687686264245385,2,0.3437681358573344,0.02405605161239521,50.0,4.255252695083618,2.4736506755871477,2.0,0.2177991258616288,0.05954915558513394,100.0,11.064238917827605,2.4499227201127924,1.0,0.2446167366723703,0.07088912379317344,200.0,31.97401366233826,3.9713943594819217,1.0,0.36533203938028247,0.053076309056295345,25,66.82708983421325,5.421985207755341,2,0.35508943754291444,0.0251920401094169,50.0,148.3671751141548,4.5935789460499645,2.0,nan,nan,nan,nan,nan,nan,0.37825902787762256,5.695323946259567e-17,25,0.009203886985778764,0.0002976882145858628,2,0.3700711512066368,0.0,50,0.0174336433410644,0.0006042806352556197,2,0.35821475679222237,1.1390647892519134e-16,100,0.03245744705200191,0.0010644066738480864,2,0.35821475679222237,1.1390647892519134e-16,200,0.051665151119232124,0.001210287222217734,2,0.36617608370188204,0.024416982211193095,25,0.00561529397964472,0.0012320801193776555,2,0.34441248629168414,0.05920470163632974,50,0.00923844575881953,0.001328398080503969,2,0.28438713422365447,0.08396050275695563,100,0.014919137954711875,0.0022432316170537376,1,0.21003592919534167,0.052360630388981644,200,0.018587875366210895,0.0027092197595871064,1,0.3938002119037884,0.03997464133184684,25,1.61816748380661,0.13246163423245325,2,0.36394902595592693,0.04300328511002069,50,3.1383105874061585,0.10289878709652539,2,0.3357425489761033,0.06076491394157192,100,6.850146412849426,0.2185314112256714,2,0.30839749115662657,0.06952757324177387,200.0,12.768921720981599,0.2059258494175802,2.0,0.3296761534926221,0.07637120142163792,25,0.007355821132659856,0.0005157879366420359,2,0.21292342360857827,0.05878024486601057,50.0,0.0143000483512878,0.0008457444175101569,1.0,0.35506403519170165,0.03395784307002711,100,0.02731876373291011,0.0021701785446672814,2,0.35555326252736136,0.03415043887821366,200,0.04881920814514157,0.004611905726792262,2,0.3622056646324726,0.027023063992841594,25,0.004067683219909619,0.000440605647751599,2,0.35960560282592696,0.06508858126342926,50,0.007285749912261925,0.0012369201120518676,2,0.25642090966625497,0.10542971939507373,100,0.01473635435104366,0.002694283412275457,1,0.3294158064033069,0.0654240282094607,200,0.025044369697570755,0.003177944386387862,2
Health-ClosedIssues0002,10000,0.36410501800032646,0.0009707211705311615,25,1.754354989528656,2.2870789956341677,2,0.36392665064145263,0.0009050325589152783,50.0,4.175195908546447,2.1897915520519633,2.0,0.36325255086635855,0.0010358197963929116,100.0,10.839622402191162,2.336977570286655,2.0,0.36296024797465043,0.0009594662591336634,200.0,30.55120829343796,2.71872968553178,2.0,0.3644994961434145,0.0007289408460668559,25,53.55689080953598,5.461210263412404,2,0.36410945051358845,0.0008686991715397878,50.0,120.33602920770645,5.121751850082499,2.0,nan,nan,nan,nan,nan,nan,0.36382750784862894,5.695323946259567e-17,25,0.011296570301055856,0.0002991887828426935,2,0.36382750784862894,5.695323946259567e-17,50,0.020167160034179638,0.0004019520551837047,2,0.36382750784862894,5.695323946259567e-17,100,0.035402655601501416,0.0008332275540265622,2,0.36382750784862894,5.695323946259567e-17,200,0.04737893342971797,0.001013557759702882,2,0.36470776332181265,0.00047747447172987205,25,0.00576590299606318,0.0009358134412130541,2,0.36393835267775493,0.001230442635420235,50,0.01063842773437495,0.0011772595791387428,2,0.36418778297193194,0.0010136384104943116,100,0.0223284482955932,0.0018909149263946576,2,0.36433319639435613,0.0009340379613096525,200,0.018291676044464057,0.002918289369516903,2,0.4649988650042459,0.3155405813373294,25,1.5234619498252868,0.08193419204674952,2,0.2700398369601572,0.2229499039192365,50,2.6801673412322997,0.14372111403898225,1,0.4557830381934315,0.32884753555912966,100,5.8056951522827145,0.190308309946004,2,0.1593721346586237,0.04354372289632794,200.0,15.081996870040893,0.3574949903438575,1.0,0.364605864632361,0.000824343370258508,25,0.00816149711608882,0.0006888014695573154,2,0.36440581351677054,0.0007591279513526459,50.0,0.011518657207488962,0.0015330733172996122,2.0,0.3639981835429963,0.0009131334533201897,100,0.024486815929412792,0.001834727180330498,2,0.36465620358625206,0.0006441056982390698,200,0.04935767650604241,0.003398659831342585,2,0.3646043681136165,0.0005431382026871378,25,0.004474663734435991,0.0005014111960201911,2,0.3641911027839483,0.000985797256236859,50,0.007404327392578065,0.0008753253516477985,2,0.36374781763010217,0.0011453576869491571,100,0.012342453002929644,0.0015182062480774774,2,0.3633389571882325,0.00124083283594111,200,0.024486804008483846,0.005205118707822595,2
Health-ClosedIssues0003,10000,0.5139937837256143,0.17012725127087722,25,1.7942554473876953,2.2645415957021675,2,0.5128790331798361,0.18263607766621012,50.0,4.413561987876892,2.303351791127123,2.0,0.42865216186493127,0.18150510106458626,100.0,11.011623167991639,2.3779774783360463,2.0,0.33527091831462,0.2061747900987674,200.0,30.72681418657303,2.4403046093860215,1.0,0.5978889988684294,0.11172045898031703,25,58.03431454896927,4.423023842482828,2,0.6464992683381877,0.008876203134602915,50.0,121.51283187866211,9.082755377249786,2.0,nan,nan,nan,nan,nan,nan,0.6012455616552866,1.1390647892519134e-16,25,0.009469211101531923,0.0005030430341963579,2,0.5790537625525848,0.0,50,0.019019818305969192,0.00041669930468261055,2,0.29276522037916874,5.695323946259567e-17,100,0.027557945251464787,0.0006101464429593016,1,0.2710987332812157,0.0,200,0.04637668132781978,0.0015338936670514852,1,0.5841391538898725,0.12890441041527056,25,0.004714763164520201,0.0007934367729343818,2,0.5297848954477742,0.10487719679391612,50,0.010260450839996283,0.0015710580903161501,2,0.5415604798759335,0.17451278186025854,100,0.01449270248413081,0.002523589389985749,2,0.5450084444948435,0.1678017069000846,200,0.02143098115921016,0.0037293083181409565,2,0.14344142999832962,0.032385074676111326,25,1.7449015617370605,0.05719268872487588,1,0.12474758876402321,0.026936994194030405,50,3.2774852871894837,0.11743807664568584,1,0.12100732634011473,0.02077026585957853,100,6.967754530906677,0.44987836891789756,1,0.11532315117299244,0.020177895612607098,200.0,12.093109440803527,1.3270761285706287,1.0,0.5922255127724577,0.1373286174023152,25,0.007215237617492621,0.0004839108084805239,2,0.5910106952207778,0.1322640406756925,50.0,0.012772250175476039,0.0009999225154632052,2.0,0.5788754049840843,0.14901496026624989,100,0.019464218616485555,0.00147069131321806,2,0.5446751989625443,0.12525159902343627,200,0.0345680475234985,0.0022149691510775123,2,0.5871606405201143,0.13884718504276983,25,0.0048927068710326645,0.0016811871228113466,2,0.5766902490421212,0.1591270593661818,50,0.007161784172058055,0.0009424555855803107,2,0.5513015857810645,0.09345469095372975,100,0.01625393629074092,0.0018380533063093684,2,0.5362977425247305,0.11195979236126892,200,0.024536871910095168,0.004284741627800416,2
Health-ClosedIssues0004,10000,0.5125306975787253,0.06303864526417596,25,1.9135005831718446,2.654751336620455,2,0.4800218289377608,0.07875303480854225,50.0,4.4406855463981625,2.9306060201964934,2.0,0.43991787121222997,0.09138940787730118,100.0,10.85968941450119,2.525544057683146,2.0,0.4149498438787639,0.09280507425724517,200.0,30.848850631713866,2.682018799297233,2.0,0.6210218577663204,0.06805406787232951,25,39.148608195781705,8.346268732362498,3,0.5208361644190214,0.048773606132197014,50.0,130.99088834524156,9.202721452910147,2.0,nan,nan,nan,nan,nan,nan,0.5101403468446449,1.1390647892519134e-16,25,0.010500574111938435,0.0008793580271235675,2,0.5101403468446449,1.1390647892519134e-16,50,0.020882129669189405,0.0008692523739804701,2,0.4757622388166465,1.1390647892519134e-16,100,0.034392786026000925,0.0006437388897280254,2,0.4757622388166465,1.1390647892519134e-16,200,0.05035682916641232,0.0010054084990633936,2,0.6145095996250032,0.09222570833706242,25,0.004696595668792686,0.0007030331046845442,3,0.5588108496391204,0.11511119628812458,50,0.008228540420532187,0.0014247732686338615,3,0.5428109883349301,0.08950321470782335,100,0.019078350067138636,0.0016347253989516144,3,0.558005951390814,0.06976348395936023,200,0.02327671051025385,0.0032747788263629922,3,0.2815252469374137,0.03273324143976455,25,1.7049285888671875,0.11437330579223853,1,0.26141162721628197,0.037319111771888215,50,3.0654508590698244,0.0748987801000109,1,0.24612855739979356,0.04397705866625092,100,6.875772678852082,0.1912065654941668,1,0.2247706500480003,0.04098732268275429,200.0,13.685115540027619,0.3898276166273009,1.0,0.5868057601224181,0.12452413858484179,25,0.007179427146911567,0.0004454728232443012,3,0.584884122154367,0.12490313460522187,50.0,0.012819182872772167,0.0008920198650074307,3.0,0.538853812845578,0.08040372252029573,100,0.023311746120452836,0.0015308332214486438,3,0.5369160356158863,0.05865649409330318,200,0.056201887130737274,0.0042488028480478805,3,0.554613769934998,0.12266890888446358,25,0.00446949005126947,0.0008621129459773495,3,0.5908130345253336,0.11144134207260632,50,0.008215570449829054,0.0014706633157755228,3,0.5592269945474987,0.07162495910291959,100,0.014591884613037068,0.0022148329513491808,3,0.4853577418947227,0.0906317236769397,200,0.022725892066955522,0.004214736121291897,2
Health-ClosedIssues0005,10000,0.42053486998659784,0.00594181388391082,25,2.0575634241104126,2.8044236752911424,2,0.4152092089453257,0.007703536847025498,50.0,4.781294369697571,2.7750270140994044,2.0,0.41178203389094686,0.007545021140567137,100.0,11.082446837425232,3.095598825537735,2.0,0.4106942881685355,0.009881460693139908,200.0,29.605487489700316,3.0117842160826367,2.0,0.4161247672460252,0.014446639787971468,25,58.73171157836914,4.377030580408207,2,0.4183726488656829,0.0043072318530842655,50.0,134.57592605352403,20.609565594793782,2.0,nan,nan,nan,nan,nan,nan,0.420870300932309,5.695323946259567e-17,25,0.009906029701232864,0.00035354376050323255,2,0.4214302715220473,0.0,50,0.022147333621978717,0.0005784102657003452,2,0.4198827057453416,0.0,100,0.042117452621459925,0.0008020025265443612,2,0.420870300932309,5.695323946259567e-17,200,0.04739507436752314,0.001384522238602354,2,0.4636242290242779,0.10367827147729773,25,0.004755246639251665,0.0004453226123666592,3,0.5021383937914072,0.1356117404570993,50,0.0078836321830749,0.0013098588425858513,3,0.4886299868932338,0.12239983776326292,100,0.013672363758087114,0.002758029105528349,3,0.47108796072181275,0.09032438122998956,200,0.017254805564880314,0.0032778473914022044,3,0.28139034408088043,0.028396823792298898,25,1.4223289608955383,0.10873489560645906,1,0.23670949666476088,0.04067813706441917,50,2.707366394996643,0.08523562182666394,1,0.20671551412461753,0.04800647919916154,100,6.997594714164734,0.1739446610274883,1,0.21702982097033793,0.06544968761437095,200.0,15.51688131093979,0.28951115786433856,1.0,0.5010295846943803,0.14525651751074953,25,0.0069838285446166505,0.0004957491735127567,3,0.4716665911954605,0.10849493097258693,50.0,0.01345715522766108,0.0007921702853919543,3.0,0.41989811100915747,0.006929971069059123,100,0.022261023521423288,0.002959787211238612,2,0.4188398618627982,0.007997353730948571,200,0.04651920795440669,0.004908912094538569,2,0.45639402368239274,0.0827860591949735,25,0.00415589809417719,0.0004788615139902959,3,0.4211222027323518,0.007081212429454759,50,0.00712660551071162,0.000988230323933641,2,0.465331170759925,0.09027431650966752,100,0.01444628238677973,0.0016286387786424792,3,0.4135770471800845,0.011299330449910154,200,0.028455066680908143,0.003934247731893468,2
Health-ClosedIssues0006,10000,0.5222295804429151,0.05440525358592981,25,2.00409619808197,4.441213820466957,2,0.5044863263481939,0.04715058314463668,50.0,3.615568518638611,4.647650697459142,2.0,0.4085337585365033,0.13832064826374937,100.0,10.783930480480194,3.006923174581212,2.0,0.38235722306862313,0.14402678759593399,200.0,21.273202335834505,4.569563978824344,2.0,0.5150463632019221,0.0446735276902559,25,57.57645628452301,5.254675689529491,2,0.5095631298543055,0.03517978076646982,50.0,133.48012512922287,8.142248446652546,2.0,nan,nan,nan,nan,nan,nan,0.5842327079448463,1.1390647892519134e-16,25,0.009106194972991893,0.001883188417538526,3,0.5842327079448463,1.1390647892519134e-16,50,0.01774019002914424,0.0010777518318612453,3,0.5011049200009626,1.1390647892519134e-16,100,0.027416288852691605,0.0008501827553954542,2,0.3989273283267877,0.0,200,0.05451471805572504,0.0012088186007985131,2,0.6230185809000072,0.1407337100687823,25,0.005144345760345416,0.0004848732798852605,3,0.5959748002466821,0.14837119107507932,50,0.007448112964630075,0.0007296456644075074,3,0.555989321153884,0.11412996395216037,100,0.01571788787841793,0.0025572704042935235,3,0.5877229300961989,0.14538919551346569,200,0.02070899009704585,0.0035920355061105085,3,0.052903701528680916,0.025054964074263487,25,1.6818299531936645,0.11400769962532165,1,0.04676564902192919,0.026435464954185826,50,3.14625997543335,0.07681327637581933,1,0.03592211278564774,0.02530966548249375,100,6.927496910095215,0.16915525794325412,1,0.019168685160062003,0.0043464110997000266,200.0,15.206847167015075,0.38776287894483247,1.0,0.6598233721461695,0.1441118496844829,25,0.0071949124336242246,0.0005538767530470542,4,0.6763738357657338,0.09020673861427286,50.0,0.013171505928039501,0.001088960323096089,4.0,0.6014956779539853,0.11442881704757474,100,0.025995862483978234,0.002162151082499183,3,0.5909743042854715,0.0984846122976993,200,0.045698523521423284,0.0030169017136939787,3,0.6515860671172584,0.11770134061799191,25,0.003891921043395945,0.0004403384100027589,4,0.6176340228469597,0.12065363617142807,50,0.007492876052856402,0.0006585823379499624,3,0.5719492085750534,0.07790927142745657,100,0.014440405368804868,0.0015566704622338049,3,0.4376301345853394,0.23123725648268037,200,0.019904232025146427,0.003581996236763524,2
Health-ClosedIssues0007,10000,0.5039576623116572,0.08198867985091864,25,1.9227208256721497,4.466308335846912,2,0.4288434114099286,0.06340767722486305,50.0,2.377813386917114,3.877401750599437,1.0,0.4180495959880847,0.07808068086647922,100.0,8.020436203479766,4.543805662906642,1.0,0.3984880266454084,0.05197098371780342,200.0,31.87411426305771,2.796124648389462,1.0,0.49198506014492766,0.07951785527283384,25,57.68271318674088,5.213755660867963,2,0.4956496499842894,0.07583860002758804,50.0,127.86949548721313,7.813065030117278,2.0,nan,nan,nan,nan,nan,nan,0.5859583125556262,1.1390647892519134e-16,25,0.008633792400360066,0.0005563362701425551,4,0.5488420567166619,1.1390647892519134e-16,50,0.016154289245605406,0.0005685184143799012,3,0.4721874363131489,0.0,100,0.03346312046051021,0.0015085461041040027,1,0.4649891035158813,0.0,200,0.06621555089950557,0.002551911800536397,1,0.5830795045699142,0.004505400688825361,25,0.00468364953994746,0.000745850800952714,4,0.5418882380008403,0.05769872499140073,50,0.00880508422851557,0.0010149065168112404,3,0.5371185222577605,0.06565920748637115,100,0.02201827764511104,0.0019923889388890432,3,0.539269363733373,0.06763760418396461,200,0.0182815551757812,0.0038142940537150994,3,0.5512051117418395,0.14938735858322627,25,1.6524265885353089,0.1169013309178597,3,0.5747703846025838,0.10790232819466757,50,2.9612955689430236,0.07288002558843681,4,0.4580214066191501,0.23097640454495752,100,6.6794382452964784,0.16617744523715733,1,0.2693241053224956,0.22191124193567033,200.0,14.166236913204193,1.6251717018534233,1.0,0.5520469641688411,0.054035810630340214,25,0.006425809860229441,0.0004957335219502722,3,nan,nan,nan,nan,nan,nan,0.5604072815276183,0.044632306577678714,100,0.023475241661071743,0.001518562530147308,3,0.5532630035253103,0.054397110166079087,200,0.053335499763488725,0.002510540540427461,3,0.5463831114498212,0.05734937436029206,25,0.004765510559081984,0.00041724621599686365,3,0.5202882386013707,0.07062141346337213,50,0.007100808620452824,0.0009441251087069463,2,0.49020803604007684,0.09289609172862688,100,0.012602567672729445,0.0009706663455930502,2,0.514346311737912,0.09553783469245228,200,0.023846840858459426,0.005807269501581716,2
Health-ClosedIssues0008,10000,0.30860191902316736,0.03285669969943764,25,1.5107185959815979,3.82603689253917,2,0.30729456421307544,0.01467893195073993,50.0,2.260365104675293,3.886126957868892,2.0,0.28558263363087516,0.0407756216577434,100.0,7.706534886360169,4.363236029206744,2.0,0.2969071756149521,0.0202950954798504,200.0,12.707871687412261,5.852237152186683,2.0,0.32400826472324507,0.015001659969616228,25,56.73755234479904,5.117508401222083,2,0.29479343430949334,0.029332176133930073,50.0,133.75660407543182,5.34317032828867,2.0,nan,nan,nan,nan,nan,nan,0.31341390182766365,5.695323946259567e-17,25,0.009848248958587593,0.0005277302565009137,2,0.33535018369709646,5.695323946259567e-17,50,0.022769069671630813,0.001352322433387278,2,0.3188650675746114,0.0,100,0.03265697956085201,0.0007650543693181824,2,0.3188650675746114,0.0,200,0.03873283863067623,0.0016667084393447674,2,0.3216343912327114,0.0193697280246474,25,0.007081341743469184,0.0010066529935438212,2,0.31628471848056894,0.05552866183036832,50,0.008739316463470408,0.0008494793283797738,2,0.3717150595954875,0.0963199179457415,100,0.015240252017974803,0.002905618141256797,4,0.3515364697594437,0.08021332039586487,200,0.023334538936614958,0.005471317151043203,3,0.2515651032241967,0.041403640271375,25,1.250568425655365,0.09830446574740297,1,0.22982912350803594,0.029070657513127568,50,3.071631157398224,0.06768725425436294,1,0.22459501386311959,0.038757922530036494,100,6.59932907819748,0.15620187467165755,1,0.208343495611763,0.02188832112374922,200.0,15.17208821773529,2.5872034744618913,1.0,0.3962913422754399,0.10680246568222275,25,0.00683647394180293,0.0005695834476508648,4,0.3023497887455037,0.04593140423139574,50.0,0.013738918304443312,0.0013781592115477222,2.0,0.3905991364177246,0.10067928073730922,100,0.02770357131958003,0.0012679627811251625,4,0.30911899537564835,0.018604583725318757,200,0.04752036333084102,0.0030706023426706167,2,0.34343075730660455,0.09074012222961839,25,0.0039516687393188,0.0006223346603571243,3,0.31434994604740585,0.020082113337269395,50,0.007101356983184764,0.0008067561179949264,2,0.29870725343928983,0.018693538427753866,100,0.012957453727722123,0.0010434651837144292,2,0.3474843486960358,0.0749141078504331,200,0.019180679321289022,0.001878653256402596,3
Health-ClosedIssues0009,10000,0.49772854362818586,0.16820791493115972,25,1.6663915514945984,4.453665075050169,2,0.3731488841766478,0.13193632803548064,50.0,2.3863773703575135,4.069513741279036,1.0,0.2920717682309525,0.1401544170756043,100.0,4.936192774772644,4.198527044072488,1.0,0.2632018100732609,0.12471781155386766,200.0,13.577977621555329,4.227523796747844,1.0,0.5200699675573047,0.1781648346691168,25,59.49501349925995,4.258517172118143,2,0.397603099698809,0.10778542879076888,50.0,135.93866255283356,6.062278503286046,1.0,0.3672122944920753,0.06669663671450034,100.0,133.85429733991623,12.703571753844907,1.0,0.7367288063537425,1.1390647892519134e-16,25,0.008895754814147894,0.0003212570233907612,4,0.5294712450143392,1.1390647892519134e-16,50,0.023462951183319043,0.0006868569100025158,2,0.3693750784177913,5.695323946259567e-17,100,0.024990081787109326,0.0007753375780931197,1,0.3864259174846625,0.0,200,0.02892014980316157,0.0007132782742771284,1,0.5831689088068033,0.15661477797491785,25,0.006559395790100049,0.0007074206134247557,3,0.4813904194549127,0.18820715214173722,50,0.00982282161712641,0.0013108272260427595,2,0.6027083282489569,0.1568266781812081,100,0.012165164947509714,0.0014548719236904823,3,0.4261177139001077,0.1832800789627483,200,0.014769351482391316,0.001859935280859497,1,0.23820519742490553,0.08444700017022269,25,1.6733124256134033,0.057444683313580484,1,0.18791690179437592,0.04024609899321128,50,3.120562469959259,0.08724183530775549,1,0.16977613237578174,0.043322405416474745,100,6.792290270328522,0.11762854490277196,1,0.1588199899742881,0.04186471645197741,200.0,14.543227112293243,0.9393396312548016,1.0,0.6363791283698249,0.1448516731059407,25,0.007383179664611765,0.0016578581036903008,3,0.5814865050995988,0.15910803877597818,50.0,0.013122928142547554,0.002981474369067864,3.0,0.4054252527237271,0.17896459647394064,100,0.028176963329315147,0.0024950669228052426,1,0.39317440678828974,0.18792887863812924,200,0.04156744480133052,0.0020885143196433817,1,0.480903469840964,0.16844286800245423,25,0.004151487350463815,0.0005753178167067543,2,0.4601081699947945,0.18649790610029043,50,0.009008467197418185,0.0009663238678743012,2,0.5189322517067313,0.17422052145694444,100,0.011997020244598346,0.0016261066322964346,2,0.5734579070047544,0.14833901763256174,200,0.02517530918121333,0.005972400475461061,3
Health-ClosedIssues0010,10000,0.4021251929256923,0.05617246358565243,25,1.5143364906311034,3.7845514092550454,1,0.3808855665618681,0.029991203900160815,50.0,5.703453361988068,2.3915082755147754,1.0,0.3788830594461151,0.05433908638125862,100.0,4.672001576423645,4.054616743781912,1.0,0.3673823159256415,0.0567232721941423,200.0,13.44466667175293,4.009718118160654,1.0,0.4274957634391326,0.039713515176157274,25,42.7851823091507,8.778184898654866,2,0.4130449766183454,0.03906838984447716,50.0,127.77389990091324,8.071665057741175,1.0,nan,nan,nan,nan,nan,nan,0.47464445706230196,5.695323946259567e-17,25,0.008656549453735295,0.0006025958651603176,3,0.4659183758475372,1.1390647892519134e-16,50,0.022704458236694293,0.0006817974381665117,3,0.3834565896346635,0.0,100,0.04565933942794796,0.002580720324269945,1,0.3766288784961972,1.1390647892519134e-16,200,0.04450449943542477,0.001870434932448005,1,0.44235083449348245,0.03735078158149066,25,0.006867086887359569,0.0008738297118002118,2,0.4154668152672139,0.04409465625320386,50,0.01102265119552607,0.0017993013964808643,1,0.40428329156508214,0.04689553842554554,100,0.014428198337554876,0.002468043638914263,1,0.41060844801693835,0.04893417311223569,200,0.028318965435028036,0.003929930927840795,1,0.4693447547028324,0.06664127839647292,25,1.7237153053283691,0.12128959272792757,3,0.4683312321763548,0.02914917189941499,50,2.849308943748474,0.1032098532416837,3,0.4463014674402005,0.028810619836219877,100,6.75055171251297,0.14809931225948947,2,0.38927117088469393,0.07991496892491007,200.0,14.63104876279831,0.49564871897448587,1.0,0.4311074474602177,0.04117943819826398,25,0.005877673625946005,0.00034423983164132794,2,0.42411039934244155,0.044380583575289095,50.0,0.011394989490508985,0.0009251198848649241,2.0,0.4384705023692975,0.031337543480174423,100,0.02378319501876826,0.0016468704403627622,2,0.42142566537303827,0.042465311941241965,200,0.042475223541259724,0.0022703504397788084,2,0.46414744164753136,0.020082019987197115,25,0.003683590888977005,0.0005312480912140061,3,0.42913253224297565,0.04201392077106414,50,0.007111608982086135,0.0009407462233341888,2,0.4333632604837952,0.0372631813958353,100,0.016956651210784855,0.0014759962063555828,2,0.41560244244486483,0.039495006197407125,200,0.02015844583511348,0.003215852624677014,1
Health-ClosedIssues0011,10000,0.14697592098942933,0.0114679398643176,25,1.7689601540565492,2.4796858149640126,1,0.13663446127215945,0.015126073481612148,50.0,4.34536726474762,2.477396830493453,1.0,0.12967029380612988,0.018388360118348435,100.0,4.720799148082733,4.040206198790781,1.0,0.12163778135547706,0.018833318198803867,200.0,12.550796413421631,3.9199054310980643,1.0,0.1477162471995612,0.01966120527719423,25,56.70541318655014,4.729597309548482,1,0.14666685542959632,0.01268445840420323,50.0,131.70374722480773,6.421382339275344,1.0,nan,nan,nan,nan,nan,nan,0.14655549781433563,2.8476619731297836e-17,25,0.013100421428680384,0.0007963602563816612,1,0.14655549781433563,2.8476619731297836e-17,50,0.022860693931579537,0.0008541212518882439,1,0.14655549781433563,2.8476619731297836e-17,100,0.03667294979095454,0.000690419748908452,1,0.1489762990706467,0.0,200,0.054694390296936,0.0010940696256994044,1,0.1520300727311569,0.02101429111112094,25,0.006172537803649855,0.0016034268919744813,1,0.14723949731968922,0.015544568955820327,50,0.00825372934341426,0.0012370310898726542,1,0.14041558022810602,0.01765326016901954,100,0.01444165706634517,0.0026582618591912814,1,0.13927565104145767,0.022477557496068685,200,0.017169141769409133,0.002667625672766121,1,0.8423671106516485,0.009443182491128334,25,1.7353989720344543,0.11036296796549075,4,0.8303968085477841,0.014818379425544866,50,2.9689857363700867,0.12325104349567378,3,0.8257656910007285,0.012298952118868637,100,6.164056444168091,0.18056208072657912,3,0.7283621975265788,0.2507071624665416,200.0,14.432026720046997,1.6163686642228194,2.0,0.15200132642673952,0.016326404297027104,25,0.006672203540801945,0.00042992504975952517,1,0.1443772459956363,0.028001612113043174,50.0,0.013674473762512157,0.0012947165137686656,1.0,0.13916722459984535,0.02375798093566703,100,0.029241514205932583,0.0021887880657910134,1,0.13774134362071067,0.02980099632382793,200,0.05290352106094356,0.0032876234753386694,1,0.1521001852487231,0.012028472175688355,25,0.004518020153045609,0.0005232910888545449,1,0.14432040676276084,0.015882810854540557,50,0.00904520750045773,0.0008888846655653339,1,0.1399678561915954,0.016305696381818967,100,0.013088572025299016,0.0014293595818532481,1,0.13065237710241046,0.029281673514251164,200,0.025973927974700876,0.004283825147709367,1
Health-ClosedPRs0000,10000,0.0,0.0,25,1.4825646162033081,3.7303721943614248,1,1.0,0.0,50.0,3.5500280976295473,5.044024234956677,3.0,0.0,0.0,100.0,7.930543923377991,5.24699473239178,1.0,1.0,0.0,200.0,21.087812387943266,4.8393254016892575,3.0,1.0,0.0,25,61.367327976226804,8.026417316465453,3,nan,nan,nan,nan,nan,nan,nan,nan,nan,nan,nan,nan,1.0,0.0,25,0.015030467510223341,0.0005874561792229924,3,1.0,0.0,50,0.023280644416809028,0.000641556568367042,3,1.0,0.0,100,0.03257842063903804,0.0006358511199006038,3,1.0,0.0,200,0.034440648555755585,0.0009306091678345213,3,0.0,0.0,25,0.00628970861434931,0.0006770547404265567,1,0.55,0.5104177855340404,50,0.011118090152740425,0.0012011436536771148,2,1.0,0.0,100,0.011575949192047071,0.0030156026718271825,3,1.0,0.0,200,0.01196619272232052,0.0016943564914085163,3,0.0,0.0,25,1.2907100319862366,0.1054191699919708,1,0.0,0.0,50,2.3437134504318236,0.10318265750030386,1,0.0,0.0,100,6.900568985939026,0.26222326609710866,1,0.0,0.0,200.0,11.473377430438996,0.33126087084412736,1.0,1.0,0.0,25,0.00622401237487788,0.0004121167138740851,3,0.55,0.5104177855340404,50.0,0.013692080974578802,0.0011946356379779733,2.0,0.55,0.5104177855340404,100,0.026444149017333933,0.0014444058472036264,2,1.0,0.0,200,0.054255616664886416,0.002419977308447184,3,1.0,0.0,25,0.0040168881416320305,0.0006062786688708025,3,1.0,0.0,50,0.006464087963104199,0.0007411098664136037,3,0.0,0.0,100,0.00973340272903437,0.0019000045803485956,1,1.0,0.0,200,0.015804076194763136,0.002082040031759787,3
Health-ClosedPRs0002,10000,0.5513477910466565,0.000166976743003745,25,1.9453893423080444,4.173625293482044,3,0.5512333205012041,0.0002437163051457591,50.0,2.405096936225891,3.168042700749744,3.0,0.5509467851553055,0.000209713061586794,100.0,4.998729884624481,5.796273010891569,2.0,0.5509457878626992,0.00023170355378995317,200.0,13.631656229496002,3.908088450914332,2.0,0.5513441814565301,0.00019723090141934046,25,28.150246381759644,7.02792772478666,3,0.5513241107126252,0.0001854530395838921,50.0,102.77937786579132,10.05123815626313,3.0,nan,nan,nan,nan,nan,nan,0.5514810228758319,0.0,25,0.01065587997436519,0.0003476643748281956,3,0.5514810228758319,0.0,50,0.023217153549194302,0.0007730152369905853,3,0.5511947552096796,1.1390647892519134e-16,100,0.03997818231582637,0.0008542345759168595,3,0.5512018117008723,0.0,200,0.04484136104583736,0.0008550908780532429,3,0.5512855489279268,0.0007434869039851459,25,0.004077816009521425,0.0004639438248893488,3,0.5513542634634215,0.0002156512729247798,50,0.008501601219177195,0.001067178950141821,3,0.5513625262544984,0.00020853718628103082,100,0.013527572154998729,0.001872138783275577,3,0.5510377309126713,0.0007860973665292032,200,0.014084208011627148,0.0025393130915921823,2,0.05899380111710464,0.16935787528709154,25,1.2546578764915466,0.11964946618056616,1,0.021124228950417802,3.5595774664122295e-18,50,2.170496201515198,0.14724254439357523,1,0.021124228950417802,3.5595774664122295e-18,100,4.854074776172638,0.1875586113477221,1,0.021124228950417802,3.5595774664122295e-18,200.0,10.71203510761261,0.3791836317607194,1.0,0.551369071014977,0.00024324460085328988,25,0.00896061658859249,0.001168743447387893,3,0.5512730156487387,0.00024272463682894243,50.0,0.010997533798217727,0.0009436512185687021,3.0,0.5511833527861281,0.0002710302467779758,100,0.0251246809959411,0.0018464076118353615,3,0.5511342438774556,0.0003064625860115032,200,0.048144054412841746,0.00357448048775296,2,0.5513210444308544,0.00019198616881925748,25,0.0042774677276610695,0.00032138035061679755,3,0.5512855350076822,0.0002388124892248601,50,0.00720034837722774,0.0008941726875352646,3,0.5512076259426555,0.0002870654460329355,100,0.010783421993255554,0.001323904620020387,3,0.5512883895771694,0.000245136103945178,200,0.02589045763015744,0.004119674048008342,3
Health-ClosedPRs0003,10000,0.4157547206149307,0.022677239303347564,25,1.4171691417694092,3.4458943813244263,4,0.39337129983524666,0.053921664564575505,50.0,2.3912926077842713,3.9135108751694907,3.0,0.38987546109797827,0.05309317507947033,100.0,5.694473314285278,4.043981175651767,3.0,0.3749375744883138,0.06483378585367684,200.0,18.342808079719543,4.70628481756192,3.0,0.4043433684922519,0.05210385222665455,25,28.565033900737763,7.743285540911465,4,0.41407795753060733,0.03444771704846947,50.0,58.58756580352783,7.127339898604915,4.0,0.38760589550416075,0.07505897105280142,100.0,125.2823001742363,7.269156269919167,3.0,0.4250174539601074,5.695323946259567e-17,25,0.012667560577392517,0.0004528964574131933,4,0.4233467356779362,5.695323946259567e-17,50,0.022550296783447214,0.0004883294533673109,4,0.4250174539601074,5.695323946259567e-17,100,0.03089582920074458,0.0010110912193092452,4,0.4233467356779362,5.695323946259567e-17,200,0.057350218296050984,0.0015921234576448658,4,0.4064643032313023,0.08001386227937343,25,0.006403172016143749,0.0015868922955605764,4,0.3973359799685851,0.08413975086241195,50,0.013550460338592474,0.0017641865440961872,3,0.41669782445970294,0.014485300168212225,100,0.01831318140029903,0.0035359875338967684,4,0.4185536879026214,0.012036940938569458,200,0.015939354896545358,0.0022468631373817787,4,0.2598231892778603,0.30286869420366325,25,1.2361252546310424,0.12145938108100787,2,0.08309341603589208,1.4238309865648918e-17,50,2.1948657512664793,0.0977839984163707,1,0.08309341603589208,1.4238309865648918e-17,100,6.839361107349395,0.1703821913455021,1,0.08271325508104255,0.001700131474869599,200.0,10.794006156921387,0.3874726942001358,1.0,0.4227513510206128,0.007397523941142368,25,0.006250822544097856,0.0004369833128976708,4,0.4219948082607942,0.00709879609349731,50.0,0.01634534597396845,0.002224653563563104,4.0,0.4212544954636548,0.007037775651578908,100,0.027544474601745556,0.0019627863155401238,4,0.40637608443137674,0.039946853662878375,200,0.037256395816802935,0.0020908634974617767,4,0.4173974622797158,0.02587069735952573,25,0.00458158254623408,0.0003868370301211109,4,0.42414899471276757,0.0020071792054882943,50,0.007854962348937945,0.0008721772175097003,4,0.3638008763919002,0.12043039508804795,100,0.013199079036712597,0.0019962183026042126,3,0.39830646559785954,0.08434155535335908,200,0.019407737255096386,0.004376276887428956,3
Health-ClosedPRs0004,10000,0.1085308457984864,0.003679672974466249,25,1.9249048471450805,2.2277845857777017,1,0.10841320933667695,0.0032823512683868837,50.0,2.518648898601532,4.602325240003471,1.0,0.10665998571180087,0.0029112239685469793,100.0,5.4453189969062805,5.101390798409668,1.0,0.10499409499886395,0.0025276083851454244,200.0,14.402815318107605,4.148840205755158,1.0,0.11098440067024037,0.0026613320373145054,25,26.90334529876709,8.08393695046557,1,0.10973264479886173,0.003559192423116854,50.0,59.49290142059326,9.501722488633215,1.0,0.1084679888992032,0.003978697847028799,100.0,131.35700931549073,9.305799821595041,1.0,0.10700440253586843,2.8476619731297836e-17,25,0.012444293498992875,0.0005772972931124747,1,0.11044654157849729,1.4238309865648918e-17,50,0.018191266059875442,0.0006496949225651732,1,0.11189278591914817,2.8476619731297836e-17,100,0.05179703235626215,0.003652174388110922,1,0.1017711091271009,0.0,200,0.04775317907333369,0.001156867211659624,1,0.11099550633275121,0.005118851999510567,25,0.005756223201751656,0.0008861952814172934,1,0.10948065642069833,0.003866022921496697,50,0.012424194812774621,0.000861485421960378,1,0.10872087510584301,0.004389345055847652,100,0.01895791292190547,0.002970635519620103,1,0.10855961054017652,0.004407334422897232,200,0.01916534900665278,0.003249403724305236,1,0.5437009985718015,0.22533532055589892,25,1.7572548389434814,0.10157251569014196,3,0.41441881028760097,0.20058664929427308,50,2.6969830274581907,0.08203536347843693,3,0.319869699660487,0.1372095238288153,100,4.7683066606521605,0.18468303140554368,2,0.27530419605657325,5.695323946259567e-17,200.0,13.77402459383011,0.2388283166008541,2.0,0.10953573292654128,0.004788623461678539,25,0.00640125274658198,0.0005629794942601147,1,0.11182371770180215,0.0032939351086432823,50.0,0.015965008735656677,0.0010120123452149936,1.0,0.10903666079334777,0.004082504232330787,100,0.024545121192932087,0.0011762991627015473,1,0.11062803653201032,0.004754276655098751,200,0.042550778388977,0.0026748298416748102,1,0.11088791289383648,0.005449852167340651,25,0.005385887622833211,0.0004176939476008293,1,0.11054264868916519,0.004267132409157137,50,0.011069846153259219,0.0013509337750424624,1,0.10797108448954125,0.0038455899824634586,100,0.014309966564178414,0.0016262787815461421,1,0.10719821631344814,0.004186227737848277,200,0.02803661823272701,0.0041414500630282385,1
Health-ClosedPRs0005,10000,0.4653253477009227,0.07544921564411362,25,1.4668906569480895,3.9473014987917994,3,0.4798822020418205,0.019931265876897707,50.0,2.39327586889267,4.180366541663992,3.0,0.45916665823905467,0.04888025136872422,100.0,4.639683032035828,3.730239409830717,3.0,0.37323692164678335,0.13724871361609994,200.0,16.834856581687927,4.156652788240428,2.0,0.48687979696516315,0.0011241427867217596,25,41.82688500881195,9.072345242669593,3,0.4823846574047693,0.01281237717789617,50.0,58.93128764629364,7.768197659428463,3.0,0.4655287540076579,0.04689581172624972,100.0,122.61937917470932,7.105357023427076,3.0,0.4872433060044517,0.0,25,0.008045220375060985,0.0005615766185089332,3,0.4869016246040393,0.0,50,0.01664029359817501,0.0007375678846033382,3,0.486643381091518,0.0,100,0.032749664783477725,0.000988280765628807,3,0.4854531030354218,0.0,200,0.05323324203491207,0.0011136718828442871,3,0.48719238340190285,0.001416005773173866,25,0.0067528486251830595,0.0011402328168385082,3,0.48320364821834866,0.01171618532584125,50,0.00912029743194576,0.0011972886322078903,3,0.47551426779183653,0.036457633632005146,100,0.017575883865356398,0.0031477775559339773,3,0.47521079735609034,0.03649517442821647,200,0.021351516246795606,0.003073898491312073,3,0.038813134434263305,0.1735776140297012,25,1.2190092563629151,0.09410930999270836,1,0.46392159500848285,0.3886665873693981,50,3.221971321105957,0.1015538319413267,3,0.0,0.0,100,4.664538824558258,0.1660894685814916,1,0.0,0.0,200.0,15.06317172050476,0.33786747911835735,1.0,0.47844417819440005,0.024321193204948514,25,0.008802413940429635,0.0005479042583007602,3,0.4839970936645015,0.011932332118433076,50.0,0.013499391078948922,0.0010004382237415112,3.0,0.48669642178187233,0.0010627244368219583,100,0.025703847408294643,0.0015658559540987615,3,0.4828661449073082,0.011888987217353816,200,0.04686586856842037,0.0028191795533633103,3,0.4834206750975478,0.01695743262378346,25,0.004622077941894469,0.0005683729088956598,3,0.48189786636663257,0.02044622871880583,50,0.008395862579345652,0.0009756131084260033,3,0.48710744132670936,0.0010215980050389344,100,0.015324139595031686,0.0017928807705718686,3,0.4816637550327193,0.017255755982745938,200,0.025505089759826616,0.003096431610368411,3
Health-ClosedPRs0006,10000,0.49073529323103793,0.05036636917339928,25,1.976815152168274,4.488654078478073,2,0.46146297015754917,0.03652785150871801,50.0,3.5732756853103638,4.683549090619322,2.0,0.43159434090778187,0.019596200651265182,100.0,10.09589924812317,2.4780851224481024,2.0,0.4211223926855686,0.011958253018760438,200.0,28.19179912805557,4.572617460900035,2.0,0.4835292878099577,0.06101704688495745,25,27.236459851264954,8.555618205692577,2,0.45535859975993115,0.04026935739340318,50.0,72.21422477960587,7.417284687842116,2.0,0.46135244750483534,0.051869186604694355,100.0,123.90390793085098,8.292042037383942,2.0,0.595500188299599,1.1390647892519134e-16,25,0.008446216583251901,0.00041185357192925163,4,0.5347114085483665,0.0,50,0.015339469909667924,0.0005777575883143495,3,0.5945376299070728,1.1390647892519134e-16,100,0.030251443386077836,0.0008941636918641491,4,0.4352772214465059,5.695323946259567e-17,200,0.06978024244308469,0.0012535270511337489,2,0.5364595603203449,0.06364649490970149,25,0.003917944431304875,0.0006278722932961384,3,0.5263022893293242,0.06777253757831629,50,0.007672166824340766,0.00134053127664388,3,0.524541760232661,0.07159074891432263,100,0.016816878318786577,0.001578980750324539,3,0.5110408246448922,0.07053914937659456,200,0.019349932670593227,0.0037118121142665638,3,0.4832187136477211,0.23871268354224498,25,1.7261566162109374,0.07983498786960669,2,0.6000102668822567,0.005787797108031186,50,3.3596428632736206,0.07128119587778109,5,0.39441674963178014,0.28346255025854006,100,6.823631954193115,0.21167534020100678,2,0.017935990117519104,3.5595774664122295e-18,200.0,14.208712553977966,0.4867348587593535,1.0,0.5636065230476712,0.038710615324423645,25,0.006023323535919145,0.00033090443132696067,3,0.5591507572060387,0.04847034254910078,50.0,0.01249630451202387,0.000914896582195511,3.0,0.5500383510822962,0.04142666771645491,100,0.024085390567779495,0.002152302965807675,3,0.5574965854909847,0.04239569250136681,200,0.04849940538406368,0.003118688009021842,3,0.5451744682428379,0.05818773258148702,25,0.004942083358764606,0.0004653318917689585,3,0.5205966324120512,0.06775417414066805,50,0.007515835762023875,0.0008218050032357412,3,0.5004464130593458,0.07880006006361674,100,0.014519453048706017,0.0016670335915226207,2,0.4759880662518384,0.07951497795580904,200,0.03524568080902094,0.04023835208680606,2
Health-ClosedPRs0007,10000,0.53833583251789,0.15715111370452403,25,1.5535820841789245,3.917882802926582,3,0.3875799027592238,0.2380768387761267,50.0,4.508215582370758,2.3644296825847846,2.0,0.4619177705317082,0.17239288741268008,100.0,7.390282392501831,4.670355297790895,2.0,0.3903004456718387,0.1915820911486578,200.0,34.64420574903488,3.880073231991976,2.0,0.564009400448218,0.12908348087685315,25,26.767680060863494,7.331696961626185,3,0.5333069832551156,0.15738024587908483,50.0,63.93559595346451,8.293858945930516,3.0,nan,nan,nan,nan,nan,nan,0.6136057399336285,1.1390647892519134e-16,25,0.009169030189514104,0.00046277924514869374,4,0.6119735311133532,0.0,50,0.021982872486114448,0.0007315137106432367,4,0.3167501107910128,0.0,100,0.03122435808181757,0.000887026465258122,2,0.6066890376696162,0.0,200,0.05766750574111934,0.0010472032572716315,4,0.611756137673878,0.0034698884375244554,25,0.00585340261459346,0.0005244074388240799,4,0.5778962517866193,0.11801423913708717,50,0.007387769222259466,0.0012104842525256525,4,0.5154674666924379,0.19104182754172658,100,0.01545319557189937,0.0019279024468752556,3,0.52967050790744,0.1729104094735969,200,0.02038336992263789,0.0028877564429026573,3,0.6277308177327557,0.001774875214744979,25,1.7724045991897583,0.1359209288533028,4,0.0,0.0,50,2.141439473628998,0.09408599679017117,1,0.060458687204078564,0.18608791456907323,100,6.5205555081367494,0.9749128714641424,1,0.030225389908008903,0.13517205296148807,200.0,10.571837973594665,0.3320224619990184,1.0,0.6111142139952491,0.003687442242734942,25,0.006130230426788285,0.00048199156890430336,4,0.5541405187107643,0.1273814021798411,50.0,0.01236963272094721,0.0007519425775992042,3.0,0.55334002512915,0.12702479012415216,100,0.021284282207488965,0.001608969371806319,3,0.5612640760334144,0.15095355262695376,200,0.04293785095214839,0.0030466481935881285,3,0.6121942738633678,0.003175295507005621,25,0.00461497306823726,0.0009337684156695597,4,0.5815564977909349,0.11502714849268145,50,0.006189215183258006,0.0005843023851633425,4,0.5136615339499718,0.2053903673827535,100,0.016215097904205264,0.0019828504118827206,3,0.5237610051882238,0.20996956861988833,200,0.02153842449188228,0.004505475801425501,3
Health-ClosedPRs0008,10000,0.1816123404762688,0.00034899271174085046,25,1.8102858066558838,3.6064319751912355,1,0.1813598695600056,0.0004266444508262185,50.0,4.695398736000061,2.6060270875754097,1.0,0.18095804151136688,0.00030344068894706035,100.0,10.969217228889466,2.4287828331090493,1.0,0.18087916749359276,0.0003197221013178427,200.0,32.91672078371048,2.5868157366370745,1.0,0.18175486457338397,0.00045321914252722975,25,27.572218275070192,7.4675737912706035,1,0.18131706347997603,0.0005032856061953924,50.0,63.05815978050232,9.278685387630723,1.0,nan,nan,nan,nan,nan,nan,0.18177398866482716,2.8476619731297836e-17,25,0.01107051372528071,0.0005623925606062643,1,0.18177398866482716,2.8476619731297836e-17,50,0.015638101100921578,0.0005630553692664129,1,0.1811613657159299,0.0,100,0.03161976337432858,0.0009418190396988407,1,0.18162012277063191,2.8476619731297836e-17,200,0.042025756835937456,0.001917697934860404,1,0.18184006179849982,0.000603750606435737,25,0.004311668872833199,0.0005345118000988168,1,0.18164919564458787,0.0005437941205539683,50,0.007159376144409124,0.0011178734068604222,1,0.1814698376264486,0.0005076434103717241,100,0.014329111576080272,0.002047878291798604,1,0.1815033737597973,0.0005213760676384326,200,0.01653168201446528,0.0023253734693932117,1,0.8153251104684107,0.10285163177435529,25,1.5021930456161499,0.1388328917661874,4,0.6992925067034216,0.14495274732579405,50,2.229561817646027,0.1404386895984932,3,0.7293905552829805,0.14910577504741535,100,6.841266298294068,0.1417143462941791,3,0.527745564478761,0.03885279986100763,200.0,14.819578671455384,1.0917810700152824,2.0,0.18165712609825552,0.0005645012593901814,25,0.007232785224914511,0.0006879589109889049,1,0.1814763316411218,0.00045754708927671833,50.0,0.01075259447097773,0.000533411475389313,1.0,0.1814784188726761,0.0004587935114372418,100,0.029555642604827827,0.0017277946710156171,1,0.181301523533751,0.00042249782255613066,200,0.04608819484710688,0.0027056445057219336,1,0.18160524998884242,0.0005203137955582338,25,0.004792201519012405,0.00039855801094051464,1,0.1815274189767236,0.0004982379511461194,50,0.0067946791648864305,0.0012359958562800444,1,0.181324784347062,0.00041990832561156823,100,0.012673664093017534,0.0012093114486272961,1,0.1814635290740541,0.0005708685042233854,200,0.023055279254913276,0.0028993204911805276,1
Health-ClosedPRs0009,10000,0.2973713424810126,0.00037422917844943986,25,1.8685235023498534,2.6675089852250493,1,0.29384609537137035,0.010355720101540962,50.0,4.334671664237976,2.5923294413082902,1.0,0.2914258434888835,0.024593155280296118,100.0,11.55166290998459,2.9600871034570786,1.0,0.28876884266331393,0.026486992211005554,200.0,13.194347524642945,3.5140137295320897,1.0,0.2976012682891473,0.0005306537278678409,25,51.03418682813644,4.9177468747734885,1,0.2974317621973649,0.0004909006856331607,50.0,120.62670052051544,5.132558533293242,1.0,0.2906658460504017,0.015586388543550312,100.0,138.16720894575118,8.36242879710698,1.0,0.29779396534440944,5.695323946259567e-17,25,0.010505437850952096,0.0009337125804699598,1,0.2974616336028042,0.0,50,0.015586745738983115,0.000410390566662459,1,0.2974616336028042,0.0,100,0.028468072414398148,0.0007387451045164114,1,0.29721776168695224,5.695323946259567e-17,200,0.04265105724334711,0.0010732273630257353,1,0.29752673980455835,0.0011420171849942796,25,0.004426586627960151,0.0006001932425041995,1,0.29763809253571444,0.0004654160186230303,50,0.008654022216796824,0.0009234988713958131,1,0.29745377920985383,0.0004294586297855032,100,0.01698653697967524,0.0014731115497464214,1,0.2972543889312867,0.0011055390926232014,200,0.014580953121185253,0.0026953631468044476,1,0.5644125749518386,0.23877348104130072,25,1.6458152294158936,0.10955151427793955,2,0.2856348814071684,0.26818254448364365,50,3.1830447912216187,0.07805418716408137,1,0.18051603865143687,0.11940185064020968,100,6.615534114837646,0.20826359815951478,1,0.11540127773966975,0.12635658150409415,200.0,14.604684031009674,2.38617926250084,1.0,0.2964691431127183,0.005721672591448616,25,0.006710255146026566,0.0006099122920841283,1,0.29628301941010354,0.004866287683338757,50.0,0.013774323463439897,0.0010871229089642412,1.0,0.2960694229651433,0.005604160918612049,100,0.024183392524719197,0.0014679966754088125,1,0.297212366816113,0.00027083524837578595,200,0.04441176652908321,0.0028765767616438158,1,0.29766831974914043,0.0005139184421171278,25,0.0038800358772277306,0.000308472555636597,1,0.2967906957065119,0.0030521269079216173,50,0.00643059015274043,0.0007414190740460898,1,0.2935745677949449,0.011778246449167752,100,0.013902461528778021,0.0019214248764971543,1,0.29338182522916995,0.011782272144394786,200,0.019114708900451614,0.0030301859027628553,1
Health-ClosedPRs0010,10000,0.3867111049613599,0.060550556357004286,25,1.810364592075348,2.583988160387963,2,0.3595006781154192,0.07466847974936888,50.0,4.51139988899231,2.4372729071537718,2.0,0.3500687100519321,0.06897543849861791,100.0,10.303247833251953,2.4884398001704278,2.0,0.3289321018574995,0.05777479933374791,200.0,33.423640203475955,2.7934221494192975,2.0,0.40180038490000547,0.053036422021745494,25,42.81742191314697,8.843404400385765,2,0.3836263173184723,0.060023441040604544,50.0,128.64769728183745,9.072570464943901,2.0,nan,nan,nan,nan,nan,nan,0.42897075342384816,5.695323946259567e-17,25,0.010162007808685251,0.0004124128389483829,2,0.39552937681133915,5.695323946259567e-17,50,0.022259902954101515,0.002113500494854358,2,0.39552937681133915,5.695323946259567e-17,100,0.03933402299880976,0.0010929879353170798,2,0.32759406502527966,5.695323946259567e-17,200,0.03390725851058955,0.0006045922280358527,2,0.39381961737288995,0.0607621789975472,25,0.004777264595031695,0.000814149508458993,2,0.3825506919523721,0.05853458574341919,50,0.014405000209808297,0.0017720546878709613,2,0.3717970875478359,0.06472008137218817,100,0.011928987503051706,0.0016137143840366335,2,0.37744654373109904,0.07758682258723083,200,0.01573256254196163,0.002650916510286258,2,0.528223675354744,0.08152418144960363,25,1.1884057879447938,0.09717379641262638,3,0.33571643327105316,0.08062008105483184,50,3.203422725200653,0.11355579926476657,2,0.2573860527353312,0.07733626314894394,100,6.475125050544738,0.29873027723406315,1,0.21432478256784915,0.07119523742858498,200.0,13.544772720336914,2.1689084525339717,1.0,0.4196688411817139,0.04261124139622847,25,0.0059292435646056555,0.0005705032732041816,2,0.379074638051338,0.0709366575358791,50.0,0.011219036579132034,0.0008338894776417345,2.0,0.3585461104299952,0.06268313289892666,100,0.0278997421264648,0.002779248246977929,2,0.39318318316148027,0.032406359969871276,200,0.060226488113403275,0.004328765878206095,2,0.3912532392946366,0.06062893170613762,25,0.004395842552185005,0.00032535314237590145,2,0.3562171814916911,0.07542400133148587,50,0.007819044589996282,0.0008879818718079666,2,0.40048775046106283,0.05307383007010567,100,0.009719443321227985,0.0026713659103977296,2,0.3893517640156433,0.06345848231410402,200,0.022515571117401073,0.0035922529027001405,2
Health-ClosedPRs0011,10000,0.5612325996861296,0.00010747138185094386,25,1.8920512437820434,2.639833418486531,2,0.561151300737751,0.0001428603142012786,50.0,4.660595548152924,2.466023746442502,2.0,0.5609231874466405,0.0008551133278135065,100.0,11.295898139476776,2.376529471024077,2.0,0.554804439392447,0.02740648780285835,200.0,27.565361845493317,2.756469038031418,2.0,0.5612544458406272,0.0001260615960438264,25,54.317914283275606,5.031984193812428,2,0.5597999187443425,0.006191076667123439,50.0,123.03695093393326,9.745853891425902,2.0,nan,nan,nan,nan,nan,nan,0.5612237410477793,1.1390647892519134e-16,25,0.011133384704589796,0.00025528058493390793,2,0.5612817762918785,1.1390647892519134e-16,50,0.016023266315460166,0.0006596668115869094,2,0.5612237410477793,1.1390647892519134e-16,100,0.03015791177749629,0.0009157566702867305,2,0.5612181701959067,2.278129578503827e-16,200,0.03692760467529293,0.0017941160995042396,2,0.5612942924321056,0.00016448848810266965,25,0.004758429527282676,0.0004899520949703408,2,0.5612419240654222,0.00016126011540978057,50,0.007567954063415485,0.0015696138821980705,2,0.5612393243457557,0.00015451414992043045,100,0.01682077646255489,0.002791942505794109,2,0.5611959942145337,0.00014318498678797604,200,0.02187894582748408,0.003805676779928435,2,0.7197645255358142,0.21327127234905127,25,1.3606091022491456,0.11460784439554404,3,0.20192917376847705,0.3480936173469364,50,2.760218930244446,0.10424794730101179,1,0.0,0.0,100,4.952169859409333,0.21708356729962516,1,0.0,0.0,200.0,12.391145217418671,1.0283517869355627,1.0,0.5613236600340403,0.00011871968490298476,25,0.005867600440978969,0.0003486293814761992,2,0.5612639470990475,0.0001439209913011342,50.0,0.012762141227722118,0.0009668110656351893,2.0,0.560833117768538,0.0010240886343336614,100,0.025121462345123264,0.0014405983939638181,2,0.5611823681707211,0.00012608108861800971,200,0.052368235588073686,0.0025085195876978633,2,0.5612573549405715,0.00016158990379560277,25,0.00418317317962641,0.00037981994544838976,2,0.5612191053737152,0.0001560200911735142,50,0.006203448772430365,0.000878707508464759,2,0.560784363268353,0.0011939042772750165,100,0.014207613468170116,0.0016909893260951222,2,0.5607507029369667,0.0011831862662422458,200,0.018670117855071965,0.0022590997349260537,2
Health-Commits0000,10000,0.0636678183191267,0.018289205587868142,25,1.7919605255126954,2.5142599078772823,1,0.05812353589849896,0.016503087337931276,50.0,2.2923502206802366,3.462652661061058,1.0,0.04771042891930742,0.018718321179649413,100.0,11.089175736904144,2.3810908204954537,1.0,0.041782770300500496,0.017361749637722676,200.0,31.535028600692748,2.477991631711999,1.0,0.0712559714253844,0.013646283923498396,25,57.73869888782501,5.24618592189054,1,0.061879613697160184,0.012317607469347146,50.0,128.90157066583635,9.422716285548459,1.0,nan,nan,nan,nan,nan,nan,0.0659380647074239,0.0,25,0.009904563426971396,0.0008837849535888139,1,0.07828908315530299,1.4238309865648918e-17,50,0.01709684133529658,0.0006727742713327866,1,0.07828908315530299,1.4238309865648918e-17,100,0.027154946327209422,0.0015318724343354356,1,0.0616918511433613,0.0,200,0.06404011249542232,0.0069799571722810325,1,0.13739724255992397,0.13588556737071,25,0.00400743484497066,0.0007381805209555639,2,0.07201314677697589,0.014340664035380538,50,0.006615006923675486,0.0009053094854063183,1,0.07064478584143061,0.014495210354850577,100,0.011542451381683297,0.0017630971507016223,1,0.0685345469089719,0.013726159706246485,200,0.021140325069427444,0.0044814407383236285,1,0.2377351760781785,0.04899996066025552,25,1.7868592858314514,0.12485623112966375,3,0.1390600662150337,0.04822701732072347,50,2.7576477885246278,0.12091267576186193,2,0.10085436890898418,0.052315686801264104,100,4.789477241039276,0.16454242271049455,1,0.1175595337936273,0.06725598684281879,200.0,14.458749210834503,2.0756790080002423,1.0,0.18068649193303035,0.2091897665228092,25,0.007238125801086385,0.0005461520742504672,2,0.07690707685647084,0.08327557413601248,50.0,0.01245185136795039,0.0008488856041767945,1.0,0.07355596656333444,0.014793521073452748,100,0.02510057687759395,0.0024186196268020225,1,0.07355596656333444,0.014793521073452748,200,0.03748612403869624,0.002042360689189853,1,0.07931021742387598,0.01587474878088397,25,0.00595229864120478,0.00044668512133871473,1,0.07399342705267395,0.013703160665389673,50,0.009017634391784626,0.0008976200520235029,1,0.0704605429412084,0.01195001160341775,100,0.010315108299255327,0.0013869965566310196,1,0.06717361513401685,0.01392903929137979,200,0.030892920494079556,0.0037779165235950476,1
Health-Commits0001,10000,0.18963804412472934,0.022366748639148105,25,1.9556989312171935,2.3168143603197753,1,0.18039158172493494,0.025043300812410223,50.0,4.5753737688064575,2.336676303442536,1.0,0.18244607942368862,0.018728309463682615,100.0,11.298658740520477,2.689550323260914,1.0,0.16370651499084993,0.025524034521053163,200.0,31.827270340919494,2.585310418951162,1.0,0.19666126999072653,0.01837682659252448,25,57.23008450269699,5.228660071447601,1,0.18989706786723135,0.02385493591200568,50.0,131.8316755771637,8.601941652405822,1.0,nan,nan,nan,nan,nan,nan,0.2069969828061135,0.0,25,0.01178638935089106,0.000646182871278366,1,0.17534402008029454,2.8476619731297836e-17,50,0.016692602634429884,0.0006844048358961585,1,0.17534402008029454,2.8476619731297836e-17,100,0.03537127971649166,0.00114153714648103,1,0.18446599503339786,2.8476619731297836e-17,200,0.052367126941680865,0.0009651825653032594,1,0.19650436723221384,0.02295255623843654,25,0.005197358131408639,0.0006408015034300903,1,0.1941856858579789,0.020026876759102388,50,0.009064173698425252,0.0016092935244801916,1,0.19214170418375626,0.0229087186813125,100,0.011762738227844191,0.0017965240062387264,1,0.19086627686091343,0.022426135315283594,200,0.01575111150741572,0.0018427369705396794,1,0.7281038020729335,0.24514446863905234,25,1.4966323733329774,0.09418567056395981,2,0.5390534948265265,0.33160457267257687,50,2.7534046292304994,0.09368445887298806,2,0.31973162802267885,0.2776196822651671,100,5.935284888744354,0.17246727648565915,1,0.1649572197684645,0.0,200.0,13.051625263690948,0.4079056354464458,1.0,0.19582053341946007,0.023160052062780833,25,0.006190907955169635,0.0005209117961719945,1,0.20099776745448428,0.011060522376007161,50.0,0.010807585716247525,0.0008567584550641665,1.0,0.20123481282437342,0.010240597798606949,100,0.02215455770492549,0.0017481799953731078,1,0.1847115875584407,0.025522696672923874,200,0.045970511436462365,0.002259035237001198,1,0.19740747775528172,0.023411972961560067,25,0.004697704315185505,0.0005642443763368128,1,0.19189688623479131,0.02257210638696287,50,0.006308126449584915,0.0007893013810637613,1,0.20213601379899196,0.011145559721598038,100,0.008422505855560262,0.0025058226281896748,1,0.18448750834871194,0.023309820659186676,200,0.019139361381530724,0.0024686813574813053,1
Health-Commits0002,10000,0.12085023035283146,0.02402303837725418,25,1.8754910707473755,2.474323060023121,1,0.12560690400606528,0.0025439902386829704,50.0,5.348731100559235,2.608598121172249,1.0,0.1194027663654463,0.019819731901359307,100.0,11.237191784381867,2.147573307226031,1.0,0.08990116679242174,0.04528682905169551,200.0,31.7787584900856,3.1936561782338804,1.0,0.11760772671719097,0.027629285097209938,25,56.55194079875946,5.499998332717296,1,0.12295560931259282,0.02183473450560173,50.0,124.94547268152238,10.356036688003122,1.0,nan,nan,nan,nan,nan,nan,0.12454265640743223,2.8476619731297836e-17,25,0.008999657630920355,0.0004618813751192963,1,0.12428474121620689,1.4238309865648918e-17,50,0.01615723371505732,0.0005839207311505518,1,0.12428474121620689,1.4238309865648918e-17,100,0.040602862834930364,0.0008362212053167274,1,0.12428474121620689,1.4238309865648918e-17,200,0.04967656135559077,0.0009673210291659701,1,0.12854762025459154,0.0027763081649597736,25,0.00415945053100582,0.0006429699308878601,1,0.12759972411341275,0.0027257840421494035,50,0.00872280597686762,0.0013489774700705174,1,0.12569399542126664,0.004773403112997612,100,0.015907180309295603,0.0021678227385185304,1,0.12055010804658714,0.01639766159629513,200,0.016696369647979693,0.0021153143918186358,1,0.7149901319777934,0.22215268705122998,25,1.7555365562438965,0.11371394470049061,3,0.46303897681138473,0.3005899876507287,50,3.241390073299408,0.08173201594666334,2,0.30668258342561033,0.2004723440418568,100,6.752528917789459,0.18212925875322425,1,0.20434187120817549,0.21413966821651534,200.0,15.339609777927398,0.31965985544797587,1.0,0.12732571737620207,0.005900421863151121,25,0.006499695777893015,0.0006399173649210686,1,0.12646738200684593,0.005678233506078679,50.0,0.011475598812103232,0.0008465440829871321,1.0,0.11984270792571454,0.026910613105982407,100,0.03137236833572383,0.002184620781719274,1,0.12589768647162006,0.005594493872867847,200,0.03804401159286493,0.0019840123764121227,1,0.12818696213360128,0.002427995150644667,25,0.00371696949005122,0.00039041479525142955,1,0.1274451094594867,0.002489511182335141,50,0.00615206956863399,0.0007209249208378217,1,0.12696564207777755,0.00256746761261865,100,0.01137874126434321,0.001519620676073897,1,0.12759599789061626,0.0043963138731887294,200,0.020200610160827588,0.0030505342539368084,1
Health-Commits0003,10000,0.3342324069034113,0.06989450836828037,25,1.6857247948646545,2.5377081184514947,1,0.2994637803376882,0.0769368943519447,50.0,4.164064562320709,2.1806186854336693,1.0,0.27216870937166615,0.055733624840311975,100.0,11.448193871974945,1.97115738775597,1.0,0.22131809947159745,0.0222632852793469,200.0,33.2973294377327,2.5423314232133354,1.0,0.43910675937419247,0.07643675126240419,25,57.59669626951218,5.619687269951506,2,0.3556123431603875,0.10516725602391785,50.0,59.34884935617447,7.302668912850237,1.0,nan,nan,nan,nan,nan,nan,0.5019896681575489,0.0,25,0.012352859973907424,0.00033678820209309007,4,0.3159745046340116,0.0,50,0.017342889308929396,0.0007196470165798971,1,0.365408092438413,0.0,100,0.029809629917144736,0.0015158611107886867,1,0.3648709849603645,0.0,200,0.04923567771911617,0.0013646322806070005,1,0.43584221594757294,0.08873633338511144,25,0.004923307895660339,0.00042772882925476305,2,0.44186842306175544,0.08327800834336015,50,0.0075253844261169,0.0013464731949066418,2,0.3692764834067558,0.11378998899024717,100,0.015248918533325152,0.001728380512069401,1,0.39898004790112607,0.09205719736598325,200,0.02212566137313838,0.0034476918005463464,2,0.4279721705376325,0.06078493169198905,25,1.7492930054664613,0.13657481558328388,2,0.3662721005077411,0.06822756385465482,50,2.9768657803535463,0.07968104315019874,1,0.2569915547317943,0.07124884573084204,100,4.762510085105896,0.13902864514638702,1,0.31838909541241317,0.06158677046557111,200.0,15.080068337917329,0.9345904023719642,1.0,0.45555120911167213,0.07818214576988507,25,0.00607473850250239,0.0004115178183517782,3,0.43468847912297975,0.07934427162526234,50.0,0.011310696601867627,0.0007729126682880919,2.0,0.4230456527936945,0.06786241095988282,100,0.02059416770935054,0.0009940943167724287,2,0.4186086004936054,0.0669922150698911,200,0.038973939418792694,0.0018596681481483266,2,0.4602911007509852,0.07622985942857613,25,0.0039196372032165,0.0004912111699592539,3,0.4130862546388866,0.10476800298075888,50,0.007459282875060981,0.001040512061496759,2,0.4356209287453443,0.07705289317739293,100,0.01143865585327144,0.0014257783903030017,2,0.4128428033623249,0.07837138782353481,200,0.023773360252380325,0.0026422415716390764,2
Health-Commits0004,10000,0.40523994155622034,0.10317859673566245,25,1.859795606136322,2.6362723278259788,1,0.3729665575689331,0.09292533873947441,50.0,4.370022797584534,2.697197477087829,1.0,0.35283509620134895,0.04267902973765747,100.0,10.374280369281768,2.663732421993227,1.0,0.3158788383345056,0.07641121791148782,200.0,29.715731751918792,2.15552501635693,1.0,0.41986670518926,0.09767825535140824,25,29.835975098609925,7.482839560244642,2,0.38529455363462134,0.09391635554775019,50.0,130.66782743930816,5.383504512265068,1.0,nan,nan,nan,nan,nan,nan,0.5757749352283332,0.0,25,0.008589434623718214,0.00047872264109319817,3,0.5389232615275026,0.0,50,0.019606590270996038,0.0011563683610613324,3,0.44803698700212563,1.1390647892519134e-16,100,0.0378922820091247,0.0011301364277616864,2,0.36292442458502344,5.695323946259567e-17,200,0.05955029726028438,0.0017011920806371133,1,0.560964128409535,0.14952143395813436,25,0.004717242717742865,0.0005064419220973924,3,0.4916319624773182,0.17351827152706187,50,0.006627619266509971,0.000911885527124779,2,0.45029444851844164,0.1396738234819349,100,0.015736913681030217,0.001789911231148309,2,0.4321062079809336,0.16606410285252104,200,0.01645226478576655,0.0031732595380230925,2,0.22981447711765268,0.004421669155247684,25,1.7929546236991882,0.12026172448611268,1,0.23185967442884894,0.003620741606508936,50,3.2586912274360658,0.09266092695052232,1,0.22484901483825506,0.0027351514862980976,100,4.777623152732849,0.18772746362585183,1,0.22713065699742868,0.003411280584549633,200.0,10.65743887424469,0.33387450104507777,1.0,0.6517875938149342,0.16031055816860096,25,0.006841504573821966,0.0006300704599844838,4,0.5417844158277794,0.1757619874503843,50.0,0.011326980590820265,0.0012434892687422563,3.0,0.5078828915861615,0.14130174723631697,100,0.023097884654998728,0.0029251485854605015,2,0.530877998015307,0.14618900683783229,200,0.038567972183227495,0.0037138140821313063,3,0.5493552681850128,0.1347668718787706,25,0.0039033770561217747,0.0005168589064491019,3,0.5712026285194004,0.15942419720788628,50,0.008642137050628615,0.0008575584046582393,3,0.44723953455596277,0.16229424669597645,100,0.012427592277526805,0.001617786870935731,2,0.46590170949460485,0.21521972704619588,200,0.01580555438995356,0.004851750557556697,2
Health-Commits0005,10000,0.4927078337516673,0.01877814631388282,25,1.4227026462554933,3.210330821862661,2,0.4814067472007933,0.007843887922823988,50.0,4.57437674999237,2.6242881481513454,2.0,0.4754289669741241,0.014802617492822018,100.0,11.046139276027679,2.6388375949348375,2.0,0.4748814202491797,0.007610714510996892,200.0,30.977496480941774,2.3882343297336854,2.0,0.48772527174282904,0.014027035615549164,25,56.005632030963895,5.320855972608691,2,0.48562856806897725,0.007277913394656874,50.0,133.6215111374855,5.788901842236535,2.0,nan,nan,nan,nan,nan,nan,0.4903500058696005,1.7085971838778703e-16,25,0.007223546504974319,0.0005669833790440268,2,0.4903500058696005,1.7085971838778703e-16,50,0.015962815284728968,0.0005675020716414466,2,0.48622759776948177,5.695323946259567e-17,100,0.04620465040206904,0.004207409382881647,2,0.47742229105963085,5.695323946259567e-17,200,0.0477990865707397,0.002102784234843107,2,0.5119057399573343,0.05015543626849609,25,0.0060015201568603,0.0008468937873820857,3,0.49023114998970574,0.024619771182864354,50,0.01433383226394648,0.0020968284421918593,2,0.48926177882914923,0.023971644561416445,100,0.024028861522674513,0.001994814557503717,2,0.4927147425102927,0.028293307917450005,200,0.02676365375518795,0.002662128982211127,2,0.19500289459750922,0.03599038976419662,25,1.7551831603050232,0.12678218637042668,1,0.16536114051176037,0.04546582221447344,50,3.0474875807762145,0.08670711720071207,1,0.16161968893656323,0.02914115624826872,100,6.841222131252289,0.4733939744742542,1,0.1112223760161459,0.04266926838832706,200.0,14.39509025812149,2.413729149975043,1.0,0.5268963253748619,0.07121686621301028,25,0.005787277221679635,0.0005299016429030712,3,0.4970733023783603,0.018677955999595677,50.0,0.01518397331237789,0.0013391972394606647,2.0,0.4932242091961272,0.027932155003072074,100,0.021044754981994578,0.0020483766422709827,2,0.5034682515218496,0.026338257281854696,200,0.04025462865829462,0.0035469386815320243,3,0.5153792956040452,0.06784248202547719,25,0.0052473902702331095,0.0007128225578756995,3,0.49642893977810365,0.028811956774501785,50,0.006410837173461861,0.0012199237685071808,2,0.49493038351413177,0.027927487370079693,100,0.013257098197936957,0.0016527228817359997,2,0.49158619730650227,0.03061367060893131,200,0.023114669322967466,0.003701042222008381,2
Health-Commits0006,10000,0.43899707255596965,0.08228002066118122,25,1.866676664352417,2.553378602278374,2,0.4284860810536137,0.09548099238210966,50.0,4.528732657432556,2.489195993147721,2.0,0.3507390502960147,0.09918542220672874,100.0,11.116397190093995,2.4962064481955877,1.0,0.28310318761207875,0.11426271190721488,200.0,31.513391864299773,2.2652462442851284,1.0,0.4850527949642854,0.0977154157278144,25,59.439455235004424,4.822414013732044,2,0.468581295043273,0.11242079245471186,50.0,94.01477135419846,8.227222657112842,2.0,nan,nan,nan,nan,nan,nan,0.5944445272984893,2.278129578503827e-16,25,0.007672584056854196,0.0005741447428925712,3,0.5944445272984893,2.278129578503827e-16,50,0.015733420848846387,0.0008809462557318682,3,0.36056214504227124,5.695323946259567e-17,100,0.029498207569122276,0.0015760545139361399,1,0.3957961106680044,0.0,200,0.05936448574066159,0.0012289334220175214,2,0.551237721499521,0.1500424438645289,25,0.0041028499603270995,0.0006314682319651706,3,0.48300591795656633,0.15565778172715727,50,0.00798064470291133,0.0011731379209844728,2,0.45687328236050007,0.1517075729380785,100,0.013223671913146925,0.0023084397297476727,2,0.4244176409096007,0.1326114083970491,200,0.018272578716278035,0.0032571043524768878,2,0.24551236197574888,0.06071290463368947,25,1.667294430732727,0.13923523564432724,1,0.21363965066796134,0.0462357925817981,50,3.211332178115845,0.07599682100811155,1,0.1938101489327631,0.04439840030417442,100,7.145401477813721,0.2896425739133172,1,0.1740640514268414,0.03265959389774979,200.0,12.753307271003724,2.163514506506434,1.0,0.5589130877430699,0.12488469740186069,25,0.00564798116683955,0.00040094999308484363,3,0.48328141452452533,0.10027945442270124,50.0,0.015069854259490926,0.0013819964459447524,2.0,0.47388918043822503,0.11099053055129238,100,0.028452682495117138,0.0027751776862956212,2,0.467878779658215,0.10991133431517379,200,0.03693383932113641,0.0018709302068977715,2,0.5343579272795312,0.16919399741538552,25,0.005983054637908879,0.0005576901029841318,3,0.5012210267603747,0.13469954880472826,50,0.008542227745056117,0.0009981111332922495,2,0.4365598783934079,0.10740284581001294,100,0.012961709499359087,0.0019068452730463818,2,0.4244770633782853,0.10278095997343877,200,0.021545982360839794,0.002142084293930617,2
Health-Commits0007,10000,0.4576634913105301,0.12187732952313972,25,1.8385261416435241,3.7508422488538544,3,0.38053749895062733,0.08793526046414056,50.0,3.329515242576599,2.8198414207556333,2.0,0.32508319037190664,0.07685426021208541,100.0,10.768944883346558,2.4767838684490657,1.0,0.3112241529528374,0.03427628585345264,200.0,20.607026708126067,3.941310836762837,1.0,0.4704937890328419,0.13552759958779623,25,42.87191776037216,9.20974228799491,3,0.48000759762100953,0.13803488961208868,50.0,132.3865686416626,6.100903826725303,3.0,nan,nan,nan,nan,nan,nan,0.6122637982309533,1.1390647892519134e-16,25,0.011671590805053655,0.00028591693344604826,3,0.41046543831021587,5.695323946259567e-17,50,0.022308623790740924,0.000640441118107053,2,0.3743845176251047,0.0,100,0.02976285219192499,0.0013594457342283605,2,0.3706562892924957,1.1390647892519134e-16,200,0.04526200294494624,0.0013964603652907742,2,0.5312651131510797,0.12719510559140504,25,0.005079841613769496,0.000931396659695152,3,0.4878070292188954,0.14148102859584627,50,0.007902252674102734,0.001624404169666701,3,0.4683444547750666,0.1438444387621265,100,0.012054824829101508,0.002358445766617106,3,0.4554592048311094,0.13104416661815818,200,0.024219322204589794,0.002974989560815871,3,0.2066611640794776,0.10507414734073646,25,1.8086529850959778,0.14809132289209676,1,0.1288788086978512,0.0598794594275084,50,3.0716949820518495,0.0594827071859421,1,0.17761598447429758,0.047331812282426076,100,6.491127097606659,0.13327832326084693,1,0.2110650284145234,0.009501793524561064,200.0,15.839332747459412,0.29843232336562275,1.0,0.5255213406559175,0.11585400685378305,25,0.0072087526321410605,0.0004713059285468458,3,0.518667843554661,0.12326951773858179,50.0,0.014754331111907899,0.0012718624083375642,3.0,0.5479337006250382,0.1166374300993563,100,0.027416491508483853,0.0017053492470100408,3,0.5147141427142865,0.1143266461893391,200,0.05304648876190182,0.003842337334047947,3,0.5630238592059564,0.0930147942671117,25,0.00432913303375239,0.000417839405551439,3,0.5453634589182175,0.11001811480303907,50,0.007667708396911577,0.0006264606849721537,3,0.503001476725092,0.1533096849939048,100,0.015752553939819277,0.001751248884278649,3,0.4947718821836027,0.15770282147102216,200,0.01864758729934688,0.0029231602664239967,3
Health-Commits0008,10000,0.535771218088078,0.077846296639154,25,1.8185290455818177,3.668624996469497,2,0.4875517513036634,0.059390170534577326,50.0,2.097681391239166,3.045403479650938,2.0,0.46475873480623475,0.05583999612456521,100.0,7.5032658815383915,3.806574002316782,2.0,0.43712443734268913,0.03878259492347468,200.0,13.14136120080948,3.579286673663323,2.0,0.5068863880316219,0.05459739028518612,25,45.34480571746826,8.491222006713663,2,0.4822007862083785,0.03978787740943674,50.0,93.82594480514527,9.199092815702482,2.0,nan,nan,nan,nan,nan,nan,0.6305193049186868,1.1390647892519134e-16,25,0.010376095771789504,0.00023935784863287146,4,0.5183957537127283,1.1390647892519134e-16,50,0.01749565601348873,0.0008572137292594162,2,0.49200185981579053,5.695323946259567e-17,100,0.023576414585113486,0.0006488573705974898,2,0.4735803753247656,1.1390647892519134e-16,200,0.03570430278778071,0.0014408849059851468,2,0.5585889005516936,0.08794191242546451,25,0.004234349727630564,0.0006294672758052497,3,0.5377677084715854,0.09005162250781505,50,0.006670200824737495,0.001093984946199193,2,0.5170315477630639,0.08786474863211102,100,0.014781212806701619,0.002515396893195871,2,0.525767942305894,0.08793806132661025,200,0.020534467697143517,0.002977026001331972,2,0.33413074864920944,0.04408239355562379,25,1.729682993888855,0.12192769732957616,1,0.2964489029164668,0.06838740813753304,50,2.9962368607521057,0.09654697176489982,1,0.23057231290965233,0.04902823592700125,100,6.611288785934448,0.153564202137764,1,0.21288380453513422,0.03800886772774119,200.0,14.657150387763977,1.1938032421554898,1.0,0.5803080042008661,0.07753706752461167,25,0.006143975257873495,0.0004648199387113451,3,0.596595878443889,0.0758095305214807,50.0,0.017283105850219672,0.0012155537687509519,3.0,0.5605467848025609,0.08815949396442052,100,0.02098908424377436,0.0015014603678157943,3,0.5652770874054786,0.07719507380088922,200,0.05097054243087763,0.0024968579748388077,3,0.6306878510766792,0.05121115065968047,25,0.004415106773376419,0.0005368439304879973,4,0.5426590404235514,0.0948925242024044,50,0.0068185210227965695,0.0007243695127663388,2,0.511595050201807,0.08300373242949421,100,0.01078718900680537,0.0012432002176169556,2,0.5313573688573597,0.0959686871995922,200,0.018357110023498484,0.004439775413256398,2
Health-Commits0009,10000,0.5400608275338135,0.10669630457972923,25,1.41890949010849,3.2270786294199043,2,0.49686207722988807,0.11303468301558497,50.0,2.1346675992012023,2.9218347977613197,2.0,0.43585246041288495,0.055851777783689494,100.0,11.500854659080506,2.150891169119765,2.0,0.422835514825767,0.05190279208523316,200.0,12.492228972911835,3.5441479622952134,2.0,0.555885932239254,0.0971129153366809,25,44.60692020654678,8.960669334544257,2,0.5321185116930969,0.12441340889779062,50.0,58.930031538009644,6.353531994785043,2.0,nan,nan,nan,nan,nan,nan,0.8550581931287006,1.1390647892519134e-16,25,0.008108258247375447,0.0003801868892490545,4,0.39708758918380005,5.695323946259567e-17,50,0.024333882331848095,0.000909739489326162,2,0.49263761561337266,1.7085971838778703e-16,100,0.04658020734786984,0.000954883588240574,2,0.45420269831117804,5.695323946259567e-17,200,0.039795970916748004,0.0008064865052742542,2,0.6800635524376891,0.16286044677446523,25,0.00461999177932735,0.0007347112632591314,3,0.6506915998157143,0.15932555096346382,50,0.007182621955871525,0.001212601941011733,3,0.5643304236631115,0.1914254894769647,100,0.016079521179199162,0.00272338748931016,2,0.58298142591085,0.1661825857378107,200,0.01910216808319088,0.0032510769695556115,3,0.11339714019480525,0.013760526987338997,25,1.2807109117507935,0.115231591365899,1,0.10115474648984601,0.015009621691406502,50,3.009336519241333,0.15731965601752018,1,0.0932479588404514,0.011931550704074246,100,6.630076372623444,0.13541408420273413,1,0.08572239064122804,0.0102586469036126,200.0,13.780233919620514,1.146171808405502,1.0,0.6826471640498432,0.17883290022261225,25,0.007705712318420354,0.0004631605918880928,3,0.6544392453070709,0.13643975746156392,50.0,0.012067341804504344,0.001317449983365812,3.0,0.6077535613848959,0.13362969517965048,100,0.02022407054901118,0.0016683478592977705,3,0.6288167659128694,0.16525133489779717,200,0.04510763883590693,0.003321461140474267,3,0.6868591231811451,0.11088516428366973,25,0.005018973350524866,0.0004486952039747871,3,0.6390908149391283,0.19160426847815396,50,0.00867655277252192,0.0009720492576680565,3,0.6059017879665586,0.13916117919886584,100,0.011935675144195515,0.0017697113926231868,3,0.6994690742036941,0.10462237704728643,200,0.018038356304168657,0.005198067752505357,3
Health-Commits0010,10000,0.3893370290883179,0.007692584208418332,25,1.4151799917221068,3.260594371116364,2,0.3938679078204447,0.02261260421167902,50.0,2.1786311507225036,3.002135265296814,3.0,0.3750725789319097,0.01244050232624922,100.0,4.771776223182679,4.012036229599976,2.0,0.3726106306276697,0.020189626652612223,200.0,11.805063450336457,3.5149719091264986,2.0,0.3960279461154409,0.034389570332308564,25,27.319986307621,7.683598011757033,3,0.38840775707975694,0.00997119024200719,50.0,62.7609200000763,7.831930531122335,2.0,nan,nan,nan,nan,nan,nan,0.40130399134816325,5.695323946259567e-17,25,0.009280514717101996,0.00018575544872687094,4,0.39277230189637996,5.695323946259567e-17,50,0.021937394142150835,0.0016776437495739007,3,0.3257933333176276,0.0,100,0.032180774211883506,0.0012260624019182376,1,0.3257933333176276,0.0,200,0.057655966281890826,0.002392807854037952,1,0.4046196383467947,0.04526067825229234,25,0.004150056838989205,0.0005070990134789635,4,0.38726244423295575,0.01542635182814037,50,0.009144651889800981,0.0010327765422482734,2,0.3820055423029212,0.022020653902662585,100,0.015291726589202831,0.0029315848661440927,2,0.3820925848490727,0.021495811113337232,200,0.013830697536468456,0.002561181486027254,2,0.41193686277533337,0.04933832974758157,25,1.5838363766670227,0.15489398009209177,4,0.3819755463708874,0.0593985648050939,50,2.8389170169830322,0.11617597545697166,2,0.3723346094839076,0.05891062236218094,100,6.20136798620224,0.12920283643330793,2,0.2794737010881595,0.054345021437165235,200.0,11.604148554801942,2.179583847026437,1.0,0.4110231508379857,0.05267724124943422,25,0.00857497453689571,0.000632508786873415,4,0.38869083938484705,0.025779140973238534,50.0,0.010872924327850291,0.0012825014381040332,2.0,0.3897391267690106,0.012283404835301341,100,0.022180175781249943,0.0021649833154500355,2,0.38798226732063906,0.025590900482342825,200,0.04155509471893305,0.002391718677035528,2,0.392468263523175,0.032659792916654204,25,0.0053452610969543105,0.0007934963127663097,3,0.38253694450194764,0.033836582710578586,50,0.006800866127014115,0.0010080869417209738,2,0.37589875010112794,0.03221460675118344,100,0.010357534885406451,0.0015074445338222756,2,0.3938399805661832,0.01051314743407959,200,0.01864039897918696,0.002821681706923035,3
Health-Commits0011,10000,0.5635711109565266,0.010082350878588936,25,1.3284716963768006,2.6829234969778963,2,0.5542627537149165,0.020222120748301056,50.0,2.191940224170685,3.37388375175285,2.0,0.5466493267764057,0.02261958398042737,100.0,5.068726050853729,3.9771043146420966,2.0,0.5320164237992604,0.045422693559801795,200.0,11.943403959274292,3.5661191775242735,2.0,0.5648732384102442,0.013246886307321334,25,26.28439841270447,6.765202080650504,2,0.5575647724298987,0.01606419974912484,50.0,58.4027525305748,7.953528412482676,2.0,0.5449774814826129,0.029022932870208372,100.0,123.66091562509537,7.535942803215358,2.0,0.5672853338297855,1.1390647892519134e-16,25,0.01139698028564448,0.0006410790734985737,2,0.5683144368143328,1.1390647892519134e-16,50,0.01664575338363642,0.0006178091983688635,2,0.5662563864727554,0.0,100,0.03451014757156368,0.002875499419195191,2,0.5637643397242437,1.1390647892519134e-16,200,0.047163259983062686,0.000998171452686096,2,0.5692024733314758,0.002710314902132154,25,0.004937565326690626,0.0006145891740273851,2,0.5658012404064774,0.01096247262021285,50,0.012571251392364455,0.0012042702264070757,2,0.5621341262806929,0.012256933366242777,100,0.011859142780303906,0.0017414735477533905,2,0.5625651276082989,0.012270394634033411,200,0.014568591117858829,0.002454503814482047,2,0.5531623148517132,0.23883865549761485,25,1.239757525920868,0.14875394751090593,2,0.0,0.0,50,3.123030948638916,0.11790564484271322,1,0.09678916047422371,0.2364383192178389,100,5.918860816955567,0.1694163572947329,1,0.0,0.0,200.0,13.117620241641998,0.3907710830432948,1.0,0.568513572276422,0.0036124947231564704,25,0.008214056491851767,0.0008245137500023582,2,0.5669515425406558,0.004375025715832487,50.0,0.01563410758972162,0.001032056115050062,2.0,0.5617454365575761,0.011700481753285636,100,0.0253784298896789,0.0012430582198662216,2,0.5613591097398876,0.011695644592777261,200,0.03938795328140256,0.0025943692899920005,2,0.5694504459803497,0.0023235366291453983,25,0.003787195682525571,0.0005987802017386428,2,0.5627518528866916,0.017191798100930945,50,0.008488810062408389,0.0007338223492242317,2,0.565600478847112,0.009830734042665918,100,0.012819099426269487,0.0016484393711852351,2,0.5551149953292942,0.019389713988634084,200,0.02205134630203242,0.0035530210176644866,2
LLVM,1024,0.017959427667818738,0.01536652540822079,25,1.4553461790084838,1.9395924501564668,1,0.008350835863149081,0.009181717503415275,50.0,3.3023026823997497,3.406392285298864,1.0,0.00180429637059192,0.003962967075507093,100.0,6.939433681964874,2.581182214708608,1.0,0.0011026256552713798,0.0029029669759771497,200.0,42.356043660640715,3.116501031661807,1.0,0.04752028678040983,0.0553069054748244,25,40.880535912513736,5.072398472337823,1,0.044038186568936835,0.050627181384641944,50.0,52.978740346431735,7.504242278111125,1.0,nan,nan,nan,nan,nan,nan,0.0006682582332514001,1.1123679582538217e-19,25,0.011112809181213329,0.0017889115732366376,1,0.0006682582332514001,1.1123679582538217e-19,50,0.021230721473693797,0.0005414724151343661,1,0.0006682582332514001,1.1123679582538217e-19,100,0.030967104434966995,0.0015446474153443454,1,0.0,0.0,200,0.06858971118926997,0.0019302731202471381,1,0.2733508354908341,0.20083035514826664,25,0.005495345592498729,0.0004034618434314198,2,0.23831264941449826,0.18995220070332125,50,0.008844947814941346,0.0007745594158312973,2,0.23078758975581098,0.19077580294959162,100,0.014043629169464064,0.0021175166243263548,2,0.23078758975581098,0.19077580294959162,200,0.014675426483154255,0.0013336359053535026,2,0.047472553916494145,0.057648413517782396,25,2.6958898425102236,0.7347217973687427,1,0.018763723514306798,0.01151931412930465,50,4.900541889667511,0.6605958963661517,1,0.00614081161704941,0.005784220327664542,100,15.6031623005867,1.640868399116842,1,0.00115990453349892,0.001817811455281924,200.0,32.56606562137604,3.5040633880441354,1.0,0.350577565798971,0.2290943626167432,25,0.007034122943878125,0.0004038755682439931,2,0.3046610979907766,0.225673945827688,50.0,0.014500641822814898,0.0006073829969094693,2.0,0.2567708832154928,0.1939039611298626,100,0.026628017425537054,0.0012392111649033985,2,0.2559236278702396,0.19398209727850876,200,0.03897569179534908,0.001240700102935931,2,0.07457517937987998,0.08061419101071207,25,0.0063955068588256395,0.00024658508281460447,1,0.023162291505333797,0.03513972178377801,50,0.009680175781249935,0.00021788098923048046,1,0.008887828702731809,0.010235046462227644,100,0.015376329421997018,0.0012744789270140002,1,0.004224344172577605,0.005837488120092661,200,0.03132184743881221,0.0030894202428070417,1
PostgreSQL,19008,0.9018162490922649,0.0021968236514660552,25,2.178530013561249,4.476476990948035,2,0.9002828824023006,0.0016755044435551765,50.0,3.4224104285240173,4.665578059135805,2.0,0.8996338882604779,0.0019605277030942544,100.0,13.037472188472748,2.7000664422651037,2.0,0.8991112469604257,0.002214524940016434,200.0,36.695772278308866,3.167192516314517,2.0,0.9025786492900684,0.0022254368359709642,25,48.67336653470993,4.8039032443475245,2,0.900681215089917,0.002637753031446464,50.0,128.32806931734086,5.513049585431566,2.0,nan,nan,nan,nan,nan,nan,0.9130151214564257,1.1390647892519134e-16,25,0.011758506298065137,0.0014904065438893935,2,0.9081050772816033,1.1390647892519134e-16,50,0.01758042573928829,0.0007433128749047191,2,0.9081050772816033,1.1390647892519134e-16,100,0.02088662385940546,0.00095032270299459,2,0.9081050772816033,1.1390647892519134e-16,200,0.01650813817977901,0.0005963951660545816,2,0.9445926240311813,0.0321147216085422,25,0.0039034247398376048,0.0002941675563062011,3,0.9445926240311813,0.0321147216085422,50,0.006050240993499705,0.0004184489156248396,3,0.9445926240311813,0.0321147216085422,100,0.005726206302642781,0.0004567266736227722,3,0.9445926240311813,0.0321147216085422,200,0.006454610824584909,0.0002380299462528833,3,0.008376667750432627,0.0011603000791936553,25,2.229311394691467,0.3530905446607314,1,0.00823834156541235,0.0009593282749133128,50,5.207346737384796,0.7530404626360045,1,0.007086369662857854,0.0010107311949641205,100,11.10999242067337,1.4279566270532553,1,0.007053175272223149,0.0008805970425547601,200.0,30.529299783706666,2.616561667794235,1.0,0.9445926240311813,0.0321147216085422,25,0.005757474899291949,0.0004169854127949506,3,0.9445926240311813,0.0321147216085422,50.0,0.01209605932235713,0.0003638387692656618,3.0,0.9445926240311813,0.0321147216085422,100,0.01668337583541864,0.0005939452291526087,3,0.9445926240311813,0.0321147216085422,200,0.047882258892059264,0.001922657323428284,3,0.9195669738202362,0.016020900443389816,25,0.0026204109191894096,0.0003308180256887656,2,0.9150952708214491,0.014291910073955185,50,0.00293016433715815,0.00018127202471170331,2,0.909964644566925,0.012784867553900285,100,0.0037495732307433597,0.0002514513474220268,2,0.9045048000451678,0.0026296719580190136,200,0.011294949054717965,0.000881556789405938,2
SQL_AllMeasurements,4653,0.13698065911997226,0.03753077141198652,25,10.024182093143462,2.6761870444590765,1,0.13117505113288014,0.03100808710873814,50.0,39.10033078193665,3.344679948550566,1.0,0.1217193765325821,0.026589225878182802,100.0,96.3621456861496,6.66280033263993,1.0,nan,nan,nan,nan,nan,nan,0.11493625940199051,0.024455852301809237,25,0.9750112414360046,3.8555168257607866,1,0.09903610259642417,0.01775973045155508,50.0,24.25537242889404,7.925473262701338,1.0,0.0957354691367456,0.01784484637071208,100.0,106.30361622571945,15.552001060721109,1.0,0.07830408418788329,1.4238309865648918e-17,25,0.0272965788841247,0.0008491661866589773,1,0.07830408418788329,1.4238309865648918e-17,50,0.03547402620315547,0.0010121711671226199,1,0.07830408418788329,1.4238309865648918e-17,100,0.06991857290267942,0.003438497174335355,1,0.07830408418788329,1.4238309865648918e-17,200,0.08443875312805174,0.0014517106331393224,1,0.3282016998654214,0.1548741788160846,25,0.008010387420654238,0.0011527470860112487,2,0.29071668548459184,0.14182609742546323,50,0.012667334079742378,0.0017548722676545782,2,0.27144370803199347,0.12720004363955326,100,0.027501106262206997,0.0039028409333186644,2,0.26023677669208667,0.1155120433764243,200,0.026687312126159622,0.0035662210651598927,2,0.1925898867545894,0.04981388282982497,25,5.719388484954834,0.45517037949965883,1,0.15219632165032784,0.03573058580520938,50,10.831703329086304,0.2097004381463754,1,0.14563052375747326,0.03409555523422116,100,21.622701632976533,0.9108037965699597,1,0.11833340687104013,0.030561212611798397,200.0,25.03442578315735,1.7383639808798292,1.0,0.3553961351143379,0.16033910903381143,25,0.013852810859680134,0.0010907093447512601,2,0.32530641585459713,0.15716504517352956,50.0,0.023146152496337835,0.002053652149896988,2.0,0.31552323100329366,0.1496174530792411,100,0.04529135227203362,0.0040304449687434485,2,0.31552323100329366,0.1496174530792411,200,0.10207368135452266,0.010231175380811098,2,0.2889444387104458,0.1753497259098671,25,0.008798074722289996,0.0009409177117060467,2,0.27290402196460073,0.16057931620392576,50,0.012034785747528025,0.0018060713732828237,2,0.23200703129953187,0.1358617211745304,100,0.020422434806823684,0.0030582775194740648,2,0.16099217426903475,0.07201074055549161,200,0.03564583063125606,0.005954242433948037,1
SS-A,1343,0.3050066186543196,0.321480243844574,25,1.7629649639129639,3.0097654623390784,1,0.0509706842061458,0.14570290115674775,50.0,1.7658464908599854,2.9941821923509337,1.0,0.00870970648264931,0.024754355458955497,100.0,7.912543642520904,2.5313000521313764,1.0,0.00870970648264931,0.024754355458955497,200.0,8.825571620464325,3.4800298485647327,1.0,0.10897848840966873,0.14924508515364718,25,30.48076410293579,7.892867901734483,1,0.057521796757923696,0.07542425074483114,50.0,66.83541698455811,8.011152746840228,1.0,nan,nan,nan,nan,nan,nan,0.6578347593338081,1.1390647892519134e-16,25,0.00860897302627559,0.0007648153296192616,2,0.08109239002167082,1.4238309865648918e-17,50,0.01637407541275019,0.0005072692156491355,1,0.0006671860894247001,1.1123679582538217e-19,100,0.03404518365859979,0.0013830101418966711,1,0.0006671860894247001,1.1123679582538217e-19,200,0.03422981500625606,0.0018887227649914528,1,0.8450340432351775,0.07022235693016321,25,0.003503847122192335,0.0015767257074580734,3,0.8450340432351775,0.07022235693016321,50,0.0057492852210998,0.0012539774556575888,3,0.8422334669380487,0.06673243684431905,100,0.0071120619773864194,0.0008304171485687443,3,0.8422334669380487,0.06673243684431905,200,0.010946309566497756,0.0012461618886357706,3,0.02082438647517619,0.020395284481892033,25,1.512395191192627,0.12307787059945487,1,0.010025551997642596,0.011136011084658969,50,3.067732274532318,0.47402970376510845,1,0.002165821555326985,0.0048270070095196805,100,6.750101923942566,0.8024182609071749,1,0.0007473637588412999,1.1123679582538217e-19,200.0,16.54388632774353,1.8033243631741493,1.0,0.8437238343544149,0.06715178534821228,25,0.0050501108169555145,0.0002910714437768992,3,0.8406703157075711,0.06575433992394752,50.0,0.00845284461975094,0.0003712700538814837,3.0,0.8403916966695958,0.06598647505854947,100,0.01644655466079707,0.0005866962335136594,3,0.8403916966695958,0.06598647505854947,200,0.04519398212432856,0.0011741610339624422,3,0.8403916966695958,0.06598647505854947,25,0.003759348392486525,0.0005840051922212818,3,0.8403916966695958,0.06598647505854947,50,0.002692675590515085,0.0007094955642387747,3,0.8403916966695958,0.06598647505854947,100,0.003634119033813425,0.000707045292508868,3,0.8372372132657528,0.06626841625405891,200,0.007156920433044375,0.0009259277024358767,3
SS-B,206,0.07328163596637319,0.028890890431967974,25,1.5693556308746337,2.644667979179531,1,0.0591318733487551,0.0,50.0,2.9101750254631042,2.2110671826436645,1.0,0.0591318733487551,0.0,100.0,7.340594625473022,2.807716907985067,1.0,0.0591318733487551,0.0,200.0,21.932587349414824,2.776249711307061,1.0,0.08440104185807357,0.0474543098524765,25,30.476840806007385,8.14072425756093,1,0.06213260350887142,0.013419673240307819,50.0,68.31956728696824,8.288593761287782,1.0,0.0591318733487551,0.0,100.0,132.71135810613632,6.984787858609765,1.0,0.08983893000335028,2.8476619731297836e-17,25,0.009487259387969921,0.0005137473101880431,1,0.08983893000335028,2.8476619731297836e-17,50,0.015497457981109571,0.0009816321334343249,1,0.0591318733487551,0.0,100,0.03205945491790766,0.002291260627081635,1,0.0591318733487551,0.0,200,0.049578773975372276,0.001335006392782721,1,0.21527378752235263,0.09377979821408172,25,0.00457861423492427,0.0009315495232377663,3,0.16154761764474368,0.06998197099585603,50,0.006537127494811959,0.0020678047295065163,2,0.14770842956756985,0.07525257558464779,100,0.008709990978240923,0.0012556551134659303,2,0.1462430522401833,0.07611839798207864,200,0.011399531364440866,0.0009943564585123599,2,0.126342627777873,0.12062235779752147,25,1.540999174118042,0.07854389230815671,2,0.020700122641237793,0.05177353280424238,50,3.229735553264618,0.4471682717273629,1,0.0008157727025446,0.0,100,8.939438021183014,1.1877185476752445,1,0.0008157727025446,0.0,200.0,26.83705449104309,2.568662234612906,1.0,0.29406164126926304,0.1493795271942086,25,0.007274889945983826,0.0014271083094097947,3,0.253417843989851,0.12430034440959109,50.0,0.01020723581314083,0.0016093558070172926,3.0,0.17595971386404616,0.07122885609360731,100,0.018436014652252142,0.0016301250386330402,2,0.1614610777984899,0.06940312217155584,200,0.03145332336425776,0.0014827714824054469,2,0.2294958131312393,0.1335639474044783,25,0.00326416492462153,0.00034999589178499787,3,0.146556158485207,0.09421551861954854,50,0.007019948959350544,0.0012192741976487951,2,0.06603510172664723,0.02512976655201465,100,0.010432291030883736,0.0016519441213035722,1,0.0591318733487551,0.0,200,0.01214997768402095,0.0021788904365692757,1
SS-C,1512,0.3624884552022504,0.3058898812096398,25,1.5369436144828796,2.6711286334656545,1,0.18528646716626618,0.24933976297070043,50.0,2.9934677720069884,2.592303477024079,1.0,0.049464355643709164,0.13229475106852226,100.0,7.0069595098495485,2.4248427462728275,1.0,0.014639829894060324,0.0219188126960095,200.0,20.576426839828493,2.725736931678373,1.0,0.11750189517481827,0.16028344561186367,25,60.519142973423,3.4815484959493355,1,0.1132369043470014,0.15434559058960903,50.0,102.89338190555573,10.114385380250773,1.0,nan,nan,nan,nan,nan,nan,0.7572837866917037,1.1390647892519134e-16,25,0.007777333259582469,0.0016707666686763662,3,0.7149118736446668,0.0,50,0.018174660205841006,0.0005075226280363243,2,0.7132441037095473,0.0,100,0.03132382631301875,0.0006727381704423133,2,0.7132441037095473,0.0,200,0.031054759025573697,0.0012542998477000132,2,0.7638138073924223,0.16041127968622002,25,0.003139019012451115,0.0005600048046184856,3,0.7549446015433648,0.17384173990526677,50,0.0046345233917235796,0.0010667710976865524,3,0.7549446015433648,0.17384173990526677,100,0.008060944080352728,0.0017780494759638413,3,0.7549446015433648,0.17384173990526677,200,0.007966971397399865,0.0017719555218595109,3,0.04935958897237597,0.02693906981492611,25,1.4333061099052429,0.05981458674900678,1,0.04803518771255791,0.019088887951618297,50,2.4186129689216616,0.23418980022393707,1,0.03426566448647386,0.020759991342007775,100,5.872923994064331,0.9698355729964088,1,0.025665787959567032,0.024079008589002974,200.0,20.407604682445527,1.3520780101046361,1.0,0.7611702876752531,0.15735242535756003,25,0.005924487113952584,0.0003427026882091345,3,0.758939280484699,0.15690183288627998,50.0,0.010174643993377638,0.00020831555335064388,3.0,0.75495121049749,0.17383614729300717,100,0.0160225629806518,0.0007430485821619946,3,0.75495121049749,0.17383614729300717,200,0.04061988592147824,0.0013353712187894064,3,0.7575198259358593,0.1598263165503346,25,0.0025938749313353946,0.0006188920761996675,3,0.7542804530532559,0.17360224248271866,50,0.0030755877494811545,0.0010972726738727354,3,0.7518968508357563,0.18380870377387204,100,0.0038357496261596097,0.0016767472544536289,3,0.7518968508357563,0.18380870377387204,200,0.006217324733734085,0.0027992776018542086,3
SS-D,196,0.23740174655087226,0.11014976974723907,25,1.5174155354499816,2.063031928871939,1,0.177369074163027,0.0,50.0,3.407748794555664,2.8290622769265994,1.0,0.177369074163027,0.0,100.0,7.091603600978852,2.2431585638588696,1.0,0.177369074163027,0.0,200.0,18.253853130340577,2.351068562157864,1.0,0.33602698507648304,0.20121072863986803,25,58.76394965648651,5.7818516679830605,1,0.2792170718000616,0.17805964417696377,50.0,125.6287073969841,10.836091869499574,1.0,nan,nan,nan,nan,nan,nan,0.7071767993931188,1.1390647892519134e-16,25,0.006910765171050981,0.000523270253825968,4,0.7055255994806664,1.1390647892519134e-16,50,0.012095141410827591,0.0009235111581119142,3,0.40067108435520743,5.695323946259567e-17,100,0.031576085090637154,0.0015994105906641531,1,0.40067108435520743,5.695323946259567e-17,200,0.03390951156616205,0.0011651875872107141,1,0.5728691252097083,0.10895131467544213,25,0.006748378276824904,0.0016169734683765503,2,0.5728691252097083,0.10895131467544213,50,0.005402362346649125,0.001500552842131007,2,0.5728691252097083,0.10895131467544213,100,0.00951150655746456,0.0031856982096214468,2,0.5728691252097083,0.10895131467544213,200,0.008495485782623241,0.0028033500455923537,2,0.35391738275623863,0.035386011216699625,25,1.4919962406158447,0.21862279097687992,1,0.33341021127315335,0.02101333194813039,50,4.058584499359131,0.5740913487195346,1,0.3199734131059244,0.009719548259411837,100,9.909937882423401,1.4907311774311518,1,0.3166109382739854,0.0008274851344131198,200.0,39.33636567592621,16.236755109946163,1.0,0.5728691252097083,0.10895131467544213,25,0.005186772346496545,0.0005870080544792376,2,0.5728691252097083,0.10895131467544213,50.0,0.010239732265472366,0.0014334714375515657,2.0,0.5728691252097083,0.10895131467544213,100,0.016626942157745316,0.0024463078376990408,2,0.5728691252097083,0.10895131467544213,200,0.03136434555053707,0.0029786517182523813,2,0.51750824863658,0.1340283536222613,25,0.0031771421432494652,0.0008198666548029064,2,0.47984072939510575,0.17142887232131543,50,0.004834830760955771,0.0015330676736147676,2,0.36741511524680004,0.2164835390318066,100,0.008331108093261675,0.0038009364815149095,1,0.3388504393725867,0.22101137356261535,200,0.011195027828216504,0.004020206226942377,1
SS-E,756,0.645786685684566,0.13468169370291325,25,1.6346675276756286,2.4386859907437053,2,0.6339455612582554,0.15617157201135462,50.0,3.2317493319511414,2.4470514124710303,2.0,0.6339455011111393,0.1561715423532099,100.0,7.338013744354248,2.7185323628430424,2.0,0.6317310452948561,0.1553916682446633,200.0,9.166818225383759,3.3906866826855055,2.0,0.6005811939007386,0.17425937266318356,25,62.963184559345244,6.3162377667504455,2,0.5413112983613844,0.2018126431699801,50.0,132.50009454488753,10.127617854922589,2.0,nan,nan,nan,nan,nan,nan,0.70710724992017,1.1390647892519134e-16,25,0.009691405296325636,0.0011144872097106188,3,0.70710724992017,1.1390647892519134e-16,50,0.014951598644256542,0.0011051196186895032,3,0.7071049591157486,1.1390647892519134e-16,100,0.025295412540435748,0.0024577037556523023,3,0.7071038820448082,1.1390647892519134e-16,200,0.03152036666870112,0.0014114638923238881,3,0.7080463620114597,0.002826063820627193,25,0.00335789918899531,0.0004863521902444503,3,0.6848581957379719,0.10262933311277053,50,0.00529474020004268,0.0010738711103356064,3,0.6613632076313153,0.141033918906904,100,0.00912168025970455,0.0014705618468667156,3,0.6613632076313153,0.141033918906904,200,0.008949327468872021,0.0016809628311654922,3,0.17501674632436579,0.052862984138190544,25,1.11871280670166,0.09353928809576754,1,0.14494820933162833,0.032145783861129235,50,2.6488802552223207,0.35685648588307695,1,0.12510855867581103,0.00400082137305615,100,7.951419425010681,1.0635731336477952,1,0.1229308886894013,0.0002697669823823751,200.0,25.363205540180207,2.9781358345477256,1.0,0.713339192390672,0.019699965760207452,25,0.005534601211547791,0.0011804518213199262,3,0.686508963529801,0.1034662946302596,50.0,0.010651803016662539,0.0005908856274516824,3.0,0.6848591453485496,0.10262955045591066,100,0.01685769557952875,0.0026895129559043364,3,0.6848591453485496,0.10262955045591066,200,0.03177846670150752,0.0012660078054532815,3,0.7024822904268431,0.017926454682723157,25,0.00413060188293452,0.0007269397354545298,3,0.6657398291219158,0.1190761376942806,50,0.005151104927062949,0.001062247937916096,3,0.6576929047055728,0.1407258067395764,100,0.00932716131210322,0.002007849716868068,3,0.6455170050980293,0.14025289630514756,200,0.014464950561523393,0.0039035779422019914,2
SS-F,196,0.13602335958696402,0.0037889085926730293,25,1.2653849959373473,3.178560091279336,1,0.13517613386958902,2.8476619731297836e-17,50.0,3.317289853096008,2.648052893279279,1.0,0.13517613386958902,2.8476619731297836e-17,100.0,7.224731957912445,2.3811156771016746,1.0,0.13517613386958902,2.8476619731297836e-17,200.0,19.2663525223732,2.3281475731948587,1.0,0.3985461279712185,0.227156369384856,25,61.68087977170944,6.60026118076942,2,0.14941781719796338,0.05982219424572966,50.0,133.3745064020157,10.07357819364136,1.0,nan,nan,nan,nan,nan,nan,0.707172164138207,0.0,25,0.00828311443328852,0.0007008589534558229,4,0.25965355972490495,5.695323946259567e-17,50,0.012106657028198185,0.0008818614744301517,1,0.25965355972490495,5.695323946259567e-17,100,0.023111069202423052,0.001488149697214187,1,0.25965355972490495,5.695323946259567e-17,200,0.02740329504013056,0.0012162690098747571,1,0.498382622609909,0.14930531638302982,25,0.0032530903816222747,0.001227035944405642,3,0.498382622609909,0.14930531638302982,50,0.004434716701507509,0.0012672669501500977,3,0.4918742653159036,0.15053818953133752,100,0.006049633026122995,0.0005084361264059775,3,0.4918742653159036,0.15053818953133752,200,0.008455228805541946,0.0013078024687178042,3,0.3886892369426308,0.03920284094848898,25,1.6546663045883179,0.3580191546624088,2,0.35710179144628135,0.013801543560599256,50,3.739493894577026,0.6145582804925618,2,0.34902447769836104,0.001886126721071381,100,10.026006531715392,1.7533497927687864,2,0.34825220828017056,5.695323946259567e-17,200.0,35.85601834058762,13.188893133667278,2.0,0.498382622609909,0.14930531638302982,25,0.00541425943374629,0.0004287548785080217,3,0.498382622609909,0.14930531638302982,50.0,0.008495092391967727,0.00037049467151836535,3.0,0.4918742653159036,0.15053818953133752,100,0.018682229518890335,0.0011432030466241453,3,0.4918742653159036,0.15053818953133752,200,0.030870103836059527,0.0015941591577686993,3,0.4486118850686761,0.15826745735563036,25,0.0035036206245421947,0.001061060955257384,3,0.348957520716062,0.2048683912497966,50,0.005881571769714294,0.0020012834853556194,2,0.21879587732443873,0.10548268434041175,100,0.00906250476837153,0.0037729701561296353,1,0.1924125088917304,0.08781382478435992,200,0.008828496932983348,0.002990408782471408,1
SS-G,196,0.09651583014870894,0.05457733054072613,25,1.6774165153503418,3.7648411097424344,1,0.08114412391619588,1.4238309865648918e-17,50.0,1.8510731220245362,3.2094518039102393,1.0,0.08114412391619588,1.4238309865648918e-17,100.0,7.1400123834609985,2.3888926718884838,1.0,0.08114412391619588,1.4238309865648918e-17,200.0,13.8268110871315,4.316873628680897,1.0,0.3383078062604263,0.2688435365138558,25,61.311667358875276,6.95864412630285,2,0.15516610816898235,0.12532874320937928,50.0,130.93532450199126,9.54617311276078,1.0,nan,nan,nan,nan,nan,nan,0.7071599468509732,1.1390647892519134e-16,25,0.007234990596771192,0.0003204763755661332,3,0.25070441655143566,5.695323946259567e-17,50,0.011719775199890075,0.0009894248182130351,1,0.25070441655143566,5.695323946259567e-17,100,0.023063409328460648,0.0010212094026970351,1,0.25070441655143566,5.695323946259567e-17,200,0.03129723072051996,0.0006758804616114218,1,0.4685642095814445,0.15790106380816943,25,0.00306314229965205,0.0011134159544141278,2,0.4685642095814445,0.15790106380816943,50,0.00416033267974847,0.0007505669909552283,2,0.4685642095814445,0.15790106380816943,100,0.006282067298889101,0.0018714004247955794,2,0.4685642095814445,0.15790106380816943,200,0.007907140254974314,0.0011786691310214606,2,0.37773310704274526,0.04118039147536957,25,1.6948387265205382,0.2417159214378357,2,0.35484868895409816,0.025923199749757243,50,3.5916481256484984,0.510032720521139,2,0.33490930887664155,0.003871380063686112,100,12.655774247646331,1.6960067915831978,2,0.3340436419777276,5.695323946259567e-17,200.0,35.12102051973343,13.912137551189248,2.0,0.47169356275028285,0.15612643804893903,25,0.006755280494689882,0.00045810521305598284,2,0.4685642095814445,0.15790106380816943,50.0,0.011075532436370812,0.0005260203415636806,2.0,0.4685642095814445,0.15790106380816943,100,0.01662800312042231,0.0009102333499522361,2,0.4685642095814445,0.15790106380816943,200,0.039310407638549746,0.0006277533932085906,2,0.4180341025207537,0.169472711981482,25,0.004155373573303174,0.0006673692089526566,2,0.33335312644379567,0.21359545813603925,50,0.006003940105438175,0.0015910668864802407,2,0.20780617249216354,0.1412105612402819,100,0.006808972358703559,0.002298644168710533,1,0.18498438987027857,0.07978829666911692,200,0.008355951309204055,0.0025145151719400197,1
SS-H,259,0.036828270968058636,0.02509566206237984,25,1.6859921216964722,3.6697163575664384,1,0.030899565031878705,3.5595774664122295e-18,50.0,3.6480611205101012,1.6308450936508323,1.0,0.030899565031878705,3.5595774664122295e-18,100.0,3.9368742942810058,3.25152126317471,1.0,0.030899565031878705,3.5595774664122295e-18,200.0,9.42340761423111,3.354972724817049,1.0,0.04548314590238457,0.03401855442147637,25,60.07915748357773,6.189569175559346,1,0.030899565031878705,3.5595774664122295e-18,50.0,59.68913080692291,7.5932763848617855,1.0,nan,nan,nan,nan,nan,nan,0.27060041522496653,5.695323946259567e-17,25,0.009580802917480431,0.0007260864946339998,2,0.048951698108327,0.0,50,0.01452522277832026,0.001523542659885977,1,0.0437277844989642,0.0,100,0.03683320283889766,0.003624666305515897,1,0.030899565031878705,3.5595774664122295e-18,200,0.03949398994445796,0.0014540289557421898,1,0.23915112259729826,0.11303060590691294,25,0.004482293128967246,0.0014646557862204234,2,0.23681978869805936,0.1105964737157072,50,0.005080819129943805,0.0013474831966843177,2,0.23681978869805936,0.1105964737157072,100,0.008220505714416449,0.001874476999528865,2,0.23681978869805936,0.1105964737157072,200,0.01156380176544184,0.0017368362384064086,2,0.23460638418473434,0.026995975243476654,25,1.767664635181427,0.38292577335147654,2,0.2258141745502132,0.0,50,4.390327942371369,0.532246614874284,2,0.2258141745502132,0.0,100,12.24508364200592,1.4996275527505167,2,0.2258141745502132,0.0,200.0,41.36177662611008,7.862719166231421,2.0,0.2505974342571575,0.11367636257596106,25,0.005095458030700629,0.000561806114497058,2,0.24001761364230675,0.10722519009394237,50.0,0.009803855419158892,0.0013106093111042965,2.0,0.24001761364230675,0.10722519009394237,100,0.023180913925170844,0.0017570087477753523,2,0.24001761364230675,0.10722519009394237,200,0.033233201503753626,0.0021578609451639,2,0.23793789415867406,0.13336410591341324,25,0.003550016880035356,0.00041265492162289674,2,0.1329765445671947,0.051160100671420114,50,0.005947911739349325,0.0009190462881330236,1,0.1329765445671947,0.051160100671420114,100,0.008682000637054406,0.0015881276706902507,1,0.1329765445671947,0.051160100671420114,200,0.013074803352355908,0.0022345350263179415,1
SS-I,1080,0.21637947838659416,0.0031292175196346926,25,1.065030074119568,2.075153706638352,1,0.21500693785797015,0.00046376964183829887,50.0,2.1528111934661864,3.258964159035842,1.0,0.21476033705837297,0.00022056646048207587,100.0,4.244263672828675,3.1746593777953254,1.0,0.21476033705837297,0.00022056646048207587,200.0,18.225197207927703,4.650479641760981,1.0,0.26452984288282255,0.08521877537143728,25,56.94341295957565,4.968239263329183,1,0.22864809517334125,0.034358388741102884,50.0,137.3607747912407,5.930096204221163,1.0,nan,nan,nan,nan,nan,nan,0.2536610373242304,1.1390647892519134e-16,25,0.008287954330444292,0.0005919896836292478,1,0.2536610373242304,1.1390647892519134e-16,50,0.014694130420684761,0.0005708312154313844,1,0.24149267480507247,2.8476619731297836e-17,100,0.0344572782516479,0.0011951593314008854,1,0.24149267480507247,2.8476619731297836e-17,200,0.057817101478576605,0.002356546940443811,1,0.5017582994190742,0.17049298539343896,25,0.003277933597564655,0.0006345174070693946,3,0.49871793797952046,0.16810485835999944,50,0.004808580875396685,0.0014028481638581525,3,0.49871793797952046,0.16810485835999944,100,0.006819784641265821,0.0007970572815906637,3,0.49871793797952046,0.16810485835999944,200,0.01008243560791011,0.0008518385509573779,3,0.10603950451411204,0.106541857753184,25,1.3803643584251404,0.17246239413313394,1,0.01648219850760369,0.0467186321090597,50,2.5403799533843996,0.4010814515810741,1,0.001540339685461135,0.001515336456733035,100,10.243661069869995,1.5995812186813472,1,0.000318061029167745,0.0007768058554622316,200.0,25.920704114437104,2.7250559485342545,1.0,0.5156626158606773,0.17028617811040825,25,0.0059314846992492305,0.00088710700395881,3,0.5003043582630777,0.16752760192337518,50.0,0.0087896585464477,0.0004620073964390217,3.0,0.4987618010233234,0.16841611962229533,100,0.01663197278976435,0.0008080387047789629,3,0.4987618010233234,0.16841611962229533,200,0.03160603046417234,0.0009152898358162599,3,0.4980097024199157,0.1638628071809413,25,0.0034270405769347605,0.0007338200017112014,3,0.4286904582535726,0.16323934424884268,50,0.00446532964706417,0.001446714389126402,2,0.3965591407490505,0.14725852236136988,100,0.006614160537719671,0.002354276713264295,2,0.38731118227530337,0.15365152871961324,200,0.009598302841186474,0.0026978351675452264,2
SS-J,3840,0.1711575815971316,0.19360306877210723,25,1.4312474370002746,3.118574079250239,1,0.03767563528315686,0.04563319676305667,50.0,2.258699953556061,3.0745367865322977,1.0,0.013107597347695659,0.011368720010455085,100.0,4.806393778324127,3.3998470199658617,1.0,0.006336235568717199,0.0006188860169044867,200.0,12.682042837142944,3.6726940890252697,1.0,0.2660743164025968,0.2550422888573926,25,55.22301934957504,5.177696288531793,1,0.14709259424023038,0.13050583792026463,50.0,95.05228811502457,9.845663995297743,1.0,nan,nan,nan,nan,nan,nan,0.05159263325043249,7.119154932824459e-18,25,0.02070357799530026,0.03834479628875338,1,0.05159263325043249,7.119154932824459e-18,50,0.015437281131744326,0.0006948682617309296,1,0.005733020095752601,8.898943666030574e-19,100,0.03896718025207515,0.0010025039386835559,1,0.005733020095752601,8.898943666030574e-19,200,0.04570555686950679,0.0012100005066641938,1,0.5395204368236621,0.2930342347257324,25,0.00336415767669672,0.0005670148491516524,2,0.5007791409113678,0.2911809400614069,50,0.005346632003784131,0.0008372435503681301,2,0.4613989994842537,0.30084713596919915,100,0.012045526504516539,0.018657596149746422,2,0.4613989994842537,0.30084713596919915,200,0.013953554630279492,0.018000312067624903,2,0.08274263017903502,0.06959082251477806,25,1.7524606585502625,0.1310213525725126,1,0.04234646556791628,0.009831007012948572,50,3.5353466272354126,0.3595514272454402,1,0.041706489746900804,0.009076315585510865,100,10.529999816417694,1.4448406606736788,1,0.034949509239625594,0.00851626728415317,200.0,18.015989339351655,1.4122101963941605,1.0,0.5961927849704762,0.26471401425850644,25,0.005531537532806336,0.00037137999844468535,2,0.5597773261556597,0.26947999099964015,50.0,0.011287796497344927,0.0006181556674515531,2.0,0.5336933032739443,0.2869575331648346,100,0.02648204565048214,0.025001196253234752,2,0.519167766321183,0.2915787123905536,200,0.03793401718139645,0.01846793154909702,2,0.5142445499350089,0.29915989600224774,25,0.0032293081283568752,0.0004863249732731275,2,0.5108130299501588,0.29888152122357026,50,0.00879567861557001,0.018345194946232136,2,0.4331656192661402,0.3133328187185931,100,0.012215864658355665,0.020895689625502634,2,0.4331656192661402,0.3133328187185931,200,0.00795964002609249,0.0025733075543901123,2
SS-K,2880,0.2902697503525179,0.24767952245402286,25,1.3744969487190246,3.1947955548207836,1,0.24355313552432353,0.2367858834064577,50.0,2.278303492069244,3.351353199974881,1.0,0.1851485521077056,0.17819799559099672,100.0,4.9494873046875,3.9838028366154603,1.0,0.14989862803893927,0.0925609042055854,200.0,12.865959656238555,3.499053389196027,1.0,0.5501477133535577,0.22016795566598762,25,39.59437456130981,9.0941365462691,2,0.5195080065854681,0.23574076159182228,50.0,128.998301589489,5.520057119374016,2.0,nan,nan,nan,nan,nan,nan,0.7080418805308788,2.278129578503827e-16,25,0.007881069183349555,0.000527852507529913,3,0.5131216087658949,1.1390647892519134e-16,50,0.015422153472900341,0.0011197800011627523,2,0.34348306969664105,5.695323946259567e-17,100,0.028536963462829534,0.0006080910863881018,1,0.25565138690512584,5.695323946259567e-17,200,0.035296201705932576,0.0009433001257384519,1,0.6347623197938841,0.1797557299411544,25,0.003178119659423775,0.0003820305626074828,3,0.6345758369458052,0.17966959781119782,50,0.004792404174804635,0.0006845544428232725,3,0.6345758369458052,0.17966959781119782,100,0.010586690902709906,0.0008636086271173524,3,0.6345758369458052,0.17966959781119782,200,0.010015237331390332,0.0011256888512279405,3,0.129049606009015,0.08542311702074382,25,1.5063394069671632,0.12016289903975913,1,0.07434650823733799,0.045422143468955505,50,3.628069257736206,0.44909473875404227,1,0.030894102709650272,0.019872946272792864,100,7.64255987405777,0.8117547543992027,1,0.02372456320513359,0.005861213460030891,200.0,24.099785804748535,2.368681240399255,1.0,0.6354523058394292,0.1800688193347026,25,0.00572798252105708,0.0005034023205476594,3,0.6354253676323875,0.18005738985596687,50.0,0.009551095962524361,0.0006074993331790964,3.0,0.6354253676323875,0.18005738985596687,100,0.016525709629058798,0.0005993771066196308,3,0.6354253676323875,0.18005738985596687,200,0.03189980983734125,0.00081597252194595,3,0.6343904753051806,0.1795867706812677,25,0.0033310174942016097,0.0005874026257778898,3,0.6343904753051806,0.1795867706812677,50,0.0040252923965453605,0.0008072656081385735,3,0.6343904753051806,0.1795867706812677,100,0.004580342769622764,0.0008690590159411904,3,0.6343904753051806,0.1795867706812677,200,0.005715107917785606,0.000748242687165815,3
SS-L,1023,0.14683385781687408,2.8476619731297836e-17,25,1.663809871673584,3.655792015290594,1,0.14683385781687408,2.8476619731297836e-17,50.0,2.6724530458450317,3.2236727674454735,1.0,0.14683385781687408,2.8476619731297836e-17,100.0,5.751220107078552,3.290801060350002,1.0,0.14683385781687408,2.8476619731297836e-17,200.0,14.563956904411317,3.7752094339836675,1.0,0.18208407498849294,0.06042467360960676,25,44.882900297641754,5.032042212366288,1,0.17171871541818212,0.045248285598176986,50.0,87.11176784038544,6.046199965485487,1.0,nan,nan,nan,nan,nan,nan,0.17280229494534352,2.8476619731297836e-17,25,0.012812161445617623,0.0006351382670166624,1,0.17280229494534352,2.8476619731297836e-17,50,0.016761052608489934,0.0008198459663573528,1,0.17280229494534352,2.8476619731297836e-17,100,0.03163962364196773,0.0013696580292526747,1,0.17114746045366366,2.8476619731297836e-17,200,0.05951362848281856,0.0023994677089665276,1,0.28461306883298254,0.08427978837831528,25,0.00486954450607295,0.0016657791406733669,3,0.2764733738099085,0.08997707703793771,50,0.006408703327178909,0.0014111800654113685,3,0.2725079967354373,0.08743567419884762,100,0.010332643985748244,0.0021047923052401833,3,0.2725079967354373,0.08743567419884762,200,0.014372122287750191,0.00356737277034075,3,0.18306882946000097,0.047008478426612474,25,2.721298575401306,0.46467189561249767,1,0.1603088429549575,0.006410858133006789,50,6.709610307216645,0.8603462219153751,1,0.15664765335908154,0.0013270698708237377,100,15.333048474788665,2.036341063678072,1,0.15598199353616513,0.001746155057702745,200.0,37.1116810798645,4.99951757102066,1.0,0.30302783548713674,0.10073528935345985,25,0.007330775260925244,0.001112611430148009,3,0.2987186319909046,0.10434078576046948,50.0,0.01066888570785518,0.001081454880166288,3.0,0.2954509239661737,0.10310239858891948,100,0.020748686790466257,0.0022165486100792797,3,0.2954509239661737,0.10310239858891948,200,0.03633071184158321,0.0019470676340884604,3,0.2280054369053545,0.08033817537174888,25,0.004062068462371796,0.0011639381499053878,2,0.18680593265268766,0.07115687370848847,50,0.009620642662048285,0.002346692497280103,1,0.18593955817844943,0.07132046384087665,100,0.011078011989593456,0.0029956239994733853,1,0.18593955817844943,0.07132046384087665,200,0.01409815549850459,0.003865978847231937,1
SS-M,864,0.08534928214568276,0.19340170325095055,25,3.9732635974884034,1.8191343233933874,1,0.0151438114659545,0.018657852837785815,50.0,11.738931500911713,2.349523500163194,1.0,0.007789361480711866,0.006031610924988049,100.0,9.392730128765105,3.8136676228505806,1.0,0.00614679712465082,0.002513721278313723,200.0,24.42764483690262,3.9847050313084336,1.0,0.06839760441184803,0.04672061183640538,25,23.248185765743255,6.596006730656975,1,0.04577347567553601,0.040568108308822605,50.0,51.089689707756044,7.1709168783657935,1.0,nan,nan,nan,nan,nan,nan,0.15775516611485144,2.8476619731297836e-17,25,0.01811794042587275,0.0016216126459851698,1,0.15775516611485144,2.8476619731297836e-17,50,0.025039958953857366,0.0006249620140426038,1,0.0311870766676511,0.0,100,0.04494450092315669,0.001475504178651394,1,0.0311870766676511,0.0,200,0.05040235519409175,0.0019352054032239086,1,0.6112459113662779,0.389814177406379,25,0.006474852561950639,0.002051838284267925,2,0.5757698353433709,0.4131235002634641,50,0.008760237693786584,0.0008396794231753696,2,0.5705454947267515,0.41114972303251346,100,0.015118789672851513,0.002425972268057474,2,0.566373677907535,0.4148016414843558,200,0.023706829547882016,0.0027712269287869665,2,0.00473684029233116,0.002117123759039297,25,3.8662839412689207,0.23985002959477122,1,0.004011592867815235,0.0028214859619246618,50,5.216340565681458,1.8029600701193664,1,0.0033972003349657847,0.001846506520956133,100,6.302725398540497,3.707364964045997,1,0.00307299678666935,0.0010624452201866007,200.0,12.352852475643157,10.279577525314284,1.0,0.6168578681947585,0.38481565830241526,25,0.008513641357421825,0.0010031363452644051,2,0.6093735352520093,0.39270369001942157,50.0,0.01678894758224482,0.0009501129317972412,2.0,0.6019935772194518,0.39032210605516243,100,0.02997721433639522,0.0013386208652770928,2,0.6019167769499407,0.3904422672160619,200,0.050528609752654996,0.0014474049830589936,2,0.579153656690829,0.40642194636857587,25,0.005232203006744341,0.001641429925201785,2,0.540396472845587,0.42791745803628034,50,0.008400666713714557,0.0008720775556345746,2,0.5304990443787465,0.43725879548010316,100,0.016484618186950628,0.002146756393826677,2,0.5268139178665671,0.43761992556032375,200,0.023492622375488232,0.0038423980213098835,2
SS-N,53662,0.6060285026457665,0.0467126488584273,25,6.085762405395508,4.771263445115393,2,0.5914288163790191,0.03867072460345584,50.0,13.775668203830719,3.6351607284786422,2.0,0.5789550798944371,0.04383118321538823,100.0,90.85868669748307,15.3060708928449,2.0,nan,nan,nan,nan,nan,nan,0.5943896342599587,0.03213382676579217,25,12.173587369918824,8.264386231793198,2,0.5878491707784514,0.05586702662701434,50.0,47.22236196994781,8.028289636112747,2.0,0.5704622601662399,0.04401640992595792,100.0,117.60739263296128,7.527451337892856,2.0,0.6692346394952186,1.1390647892519134e-16,25,0.023790144920349074,0.0006862049888278148,2,0.6692346394952186,1.1390647892519134e-16,50,0.051173937320709184,0.004483499263755973,2,0.6692346394952186,1.1390647892519134e-16,100,0.1129516720771789,0.012033419500971284,2,0.49442123414192735,1.7085971838778703e-16,200,0.13146439790725703,0.0021565037542329536,2,0.77372076161508,0.035720059722831266,25,0.00597547292709346,0.0008816581574551112,3,0.7736959306415401,0.03571430683790412,50,0.012255668640136675,0.0027073134338846546,3,0.7670686694021421,0.05599175586688325,100,0.014856421947479197,0.0028765235139440507,3,0.7670686694021421,0.05599175586688325,200,0.017966771125793413,0.003276350753804077,3,0.11616565930162721,0.020901448357805903,25,3.067052435874939,0.17158576106956763,1,0.1129791435086088,0.016020265834170176,50,6.692606174945832,0.19516429160401488,1,0.10106067778493222,0.019165617806499866,100,13.854788661003113,0.24754132549503755,1,0.09090607773584122,0.01411189276939588,200.0,29.477941596508025,1.5126686887557887,1.0,0.768561143675859,0.05144829907502525,25,0.01084694862365718,0.0016956621092243896,3,0.7662566737007668,0.05923542646397659,50.0,0.022011053562164255,0.00270060585735068,3.0,0.7662504014642468,0.05923258466076512,100,0.0393574476242065,0.005204593206494238,3,0.7662504014642468,0.05923258466076512,200,0.09370790719985958,0.01144542453572087,3,0.7736305636569827,0.03559833855419353,25,0.006663274765014601,0.000594708746547255,3,0.7667004330844627,0.05686762423534209,50,0.007237040996551461,0.0015039718611986456,3,0.7667004330844627,0.05686762423534209,100,0.008414947986602733,0.0014476146589804968,3,0.7667004330844627,0.05686762423534209,200,0.011486041545867869,0.001321724624867011,3
SS-O,972,0.32895114389691243,0.06555173953083417,25,2.5549578070640564,4.514407821616394,1,0.2803877029598415,0.01669605682899324,50.0,2.793258535861969,2.3085634002016744,1.0,0.26940731346818303,0.007579840747157537,100.0,6.7832523584365845,3.2402513103096595,1.0,0.262696564463525,0.01191370735989987,200.0,17.73952763080597,3.4957399056953204,1.0,0.32176174395220813,0.07080466720056765,25,20.691638600826263,7.7687294470794654,1,0.3038276972298236,0.06342550247141128,50.0,54.200992333889005,9.396143312348892,1.0,0.2893289954910648,0.05892093300858042,100.0,125.5645258307457,8.944782109988582,1.0,0.7160336737239092,1.1390647892519134e-16,25,0.00767577886581417,0.0003228491290403916,3,0.7160336737239092,1.1390647892519134e-16,50,0.02006313800811762,0.0006557655914388005,3,0.27935489776981826,5.695323946259567e-17,100,0.03036650419235225,0.0016712941464088274,1,0.2627246930092346,5.695323946259567e-17,200,0.04633334875106805,0.0012048627830094445,1,0.5337118845416281,0.1509980367911893,25,0.004206430912017791,0.0006473752903123208,2,0.5300589760498744,0.15261294519835478,50,0.005095124244689895,0.0007830717755283914,2,0.5027449378158985,0.15737116572659804,100,0.00857839584350581,0.0015423554489650032,2,0.49689381544782735,0.17018435832593307,200,0.009708237648010203,0.00175402613183689,2,0.20857451515383837,0.04087668195043616,25,1.5829449892044067,0.14179366722846423,1,0.1751849750285793,0.03836450129867048,50,4.807233607769012,0.5640081795083467,1,0.15589773433732274,0.026554699903226436,100,10.514011108875275,1.0715788568925504,1,0.13720345286099725,0.013806765869705372,200.0,28.93530445098877,4.465017433387047,1.0,0.5332676459363556,0.15154131282834574,25,0.00559639930725093,0.00041137068167345617,2,0.5332676459363556,0.15154131282834574,50.0,0.013959658145904491,0.0005625606782491033,2.0,0.5332676459363556,0.15154131282834574,100,0.01871602535247797,0.0008036871850858084,2,0.5332676459363556,0.15154131282834574,200,0.03767133951187128,0.0011217115298415448,2,0.4484525281372537,0.1486314989605881,25,0.0040332674980163045,0.0008748335883333458,2,0.42414838218303635,0.1505234031023949,50,0.0074844241142272465,0.0014104507908057674,2,0.41911241257763976,0.1553083064876075,100,0.013668751716613714,0.0019359961637590549,2,0.40557700329755886,0.1426270506280833,200,0.014952611923217726,0.0028659032813899295,2
SS-P,1023,0.14683385781687408,2.8476619731297836e-17,25,2.399672830104828,4.436248535661014,1,0.14683385781687408,2.8476619731297836e-17,50.0,3.0894116044044493,2.894683605227244,1.0,0.14683385781687408,2.8476619731297836e-17,100.0,5.712306618690491,3.4572774991585553,1.0,0.14683385781687408,2.8476619731297836e-17,200.0,37.90377867221832,2.775337528320424,1.0,0.1916863742530806,0.06309732543443834,25,20.278446125984193,7.8190606154122815,1,0.1738702657230961,0.0549365587082936,50.0,53.36684441566467,8.993352769923776,1.0,0.17397819518632215,0.056958480155831194,100.0,116.09004337787628,8.05520251927813,1.0,0.17280229494534352,2.8476619731297836e-17,25,0.008588492870330765,0.00028669589430122103,1,0.17280229494534352,2.8476619731297836e-17,50,0.02251006364822384,0.00026344486423240726,1,0.17280229494534352,2.8476619731297836e-17,100,0.042876601219177184,0.0011281433859023785,1,0.17114746045366366,2.8476619731297836e-17,200,0.05856305360794063,0.0027968326854500934,1,0.28461306883298254,0.08427978837831528,25,0.0045010447502135805,0.001315615086234061,3,0.2764733738099085,0.08997707703793771,50,0.00695438385009761,0.0014695047698567232,3,0.2725079967354373,0.08743567419884762,100,0.009797382354736279,0.001977443857860974,3,0.2725079967354373,0.08743567419884762,200,0.016415131092071482,0.0040834570795215625,3,0.18306882946000097,0.047008478426612474,25,2.542509746551514,0.37291051145009996,1,0.1603088429549575,0.006410858133006789,50,6.790325319766998,0.8362948655301893,1,0.15664765335908154,0.0013270698708237377,100,15.047615885734558,1.8699575976106684,1,0.15598199353616513,0.001746155057702745,200.0,40.11445417404175,4.455359813958069,1.0,0.30302783548713674,0.10073528935345985,25,0.006353878974914506,0.0006275925085762175,3,0.2987186319909046,0.10434078576046948,50.0,0.015440082550048782,0.0018207851301948524,3.0,0.2954509239661737,0.10310239858891948,100,0.020345461368560736,0.0016314699152186161,3,0.2954509239661737,0.10310239858891948,200,0.0427993535995483,0.0023226072261436463,3,0.2280054369053545,0.08033817537174888,25,0.00517108440399165,0.0013059596781132094,2,0.18680593265268766,0.07115687370848847,50,0.006705343723297069,0.0018857332191231707,1,0.18593955817844943,0.07132046384087665,100,0.011410689353942818,0.0028178209486972613,1,0.18593955817844943,0.07132046384087665,200,0.018308198451995796,0.004540768707882142,1
SS-Q,2736,0.4705341598707301,0.007403154306884965,25,1.8874688029289246,3.327419982397072,2,0.4668444370688638,0.0029899716274121003,50.0,3.6818342089653013,3.2074748904321253,2.0,0.4655772997150319,0.0010318971411458835,100.0,9.472503924369812,3.3634360971851573,2.0,0.4650779773270955,1.1390647892519134e-16,200.0,19.110815107822418,3.365115674168062,2.0,0.47699035074715634,0.012887228506165834,25,21.237655091285706,7.946720637304613,2,0.4721289894277153,0.008744631258441986,50.0,53.30318306684494,9.696842898976495,2.0,0.4717375723828824,0.00845860929701746,100.0,117.80043964385986,9.57223797223007,2.0,0.52472544462821,0.0,25,0.012144482135772653,0.0008673438780957178,2,0.4775870968924055,5.695323946259567e-17,50,0.02072963714599603,0.0002764192534333976,2,0.4662591376232526,0.0,100,0.0343908309936523,0.017820107918009857,2,0.4662591376232526,0.0,200,0.049129045009612994,0.0025695290796510137,2,0.6066256960627225,0.15071893824116656,25,0.005656290054321255,0.0006934972001355809,3,0.6059858065177043,0.15006262967169862,50,0.009134864807128855,0.0011567978691625206,3,0.6053549109122562,0.15000051326156383,100,0.012449836730956985,0.0022252280289938417,3,0.6052155131965448,0.15002006462241563,200,0.022724485397338814,0.001958184236290332,3,0.06873959989179301,0.03790865578630141,25,2.8189603090286255,0.31049121588290124,1,0.052481773425929454,0.004643625391479454,50,3.88964706659317,0.3962122239820808,1,0.05097093986223321,0.004548497439827889,100,6.242525839805603,2.725950973889508,1,0.051908121636523454,0.004063263600439643,200.0,8.80223869085312,8.280239008467486,1.0,0.6098774933727937,0.14900555604673674,25,0.006634306907653745,0.0011011954271319755,3,0.6071529500684305,0.15018789347877837,50.0,0.016629338264465287,0.0011183759585470796,3.0,0.6052202083296391,0.14997437394825525,100,0.023802959918975776,0.0017706077594009531,3,0.6050511457542705,0.1497551539900422,200,0.04429973363876339,0.003280956903327719,3,0.6066457928315702,0.1506081921268431,25,0.0044459819793700745,0.00036669074121232695,3,0.6053061235062946,0.14989872324625209,50,0.01013941764831539,0.0014442199799151552,3,0.6045636615442609,0.14996703228433014,100,0.013563907146453811,0.001670725042297321,3,0.6035193245495446,0.150021014086608,200,0.015688192844390818,0.0021618330512738013,3
SS-R,3008,0.5165613900133814,0.04578579252330684,25,1.8820111155509949,3.4629396019459464,2,0.4898951177017481,0.027009679256597644,50.0,9.848016989231109,2.2673384568844956,2.0,0.4772180325091169,0.0012656796609813244,100.0,9.129139864444733,3.815230744059436,2.0,0.4765353580278779,0.00023501182890714697,200.0,22.516530323028565,4.655775849910751,2.0,0.5063132310073545,0.04323412614389183,25,17.533315968513488,8.406062892824917,2,0.49005718829406797,0.015883549373419275,50.0,53.06778937578201,8.74157734302323,2.0,0.48949292737574446,0.021228179503173916,100.0,128.08903747797012,9.241561206045949,2.0,0.5655720942056777,0.0,25,0.01429864168167109,0.0006560275638532704,2,0.4840819542231999,0.0,50,0.018959736824035605,0.0007102197656365208,2,0.48348855590297174,1.7085971838778703e-16,100,0.03720299005508418,0.0011354318765166408,2,0.48348855590297174,1.7085971838778703e-16,200,0.05172020196914667,0.0018612796544628216,2,0.697655082083858,0.08070672123440703,25,0.005104947090148875,0.0006081607287734695,3,0.6957787560636314,0.08070078004644847,50,0.0064167976379394046,0.0010776829398610641,3,0.6957787560636314,0.08070078004644847,100,0.010441601276397655,0.001509645880000563,3,0.6957787560636314,0.08070078004644847,200,0.011935985088348335,0.0015361989443401667,3,0.1921555000765181,0.019736771815825338,25,2.7099223375320434,0.22570033302670725,1,0.17686535054892816,0.016396255957266986,50,3.940571331977844,0.8158241271468311,1,0.1646388457956017,0.02156441431860103,100,7.7589390873909,3.985016443515584,1,0.160552036119528,0.021551981366784444,200.0,8.393886613845826,5.208090184980244,1.0,0.699342992463788,0.08043368348729327,25,0.009540688991546586,0.0006859465074866149,3,0.6955680880859358,0.0783199333930317,50.0,0.014744174480438185,0.0010395538976015338,3.0,0.6941253197776385,0.07844334974733165,100,0.022683513164520212,0.0015558427544405421,3,0.6941242180759423,0.07844314183243675,200,0.03939222097396847,0.0021403941446981154,3,0.6967536626816779,0.08075135937637132,25,0.004219472408294624,0.0006251835376870108,3,0.6938994125746404,0.07913228301811388,50,0.00591427087783809,0.0006326098841766061,3,0.6916748019185868,0.07730404281558705,100,0.011784136295318555,0.018427660137593338,3,0.6913069679865897,0.07716548567304853,200,0.014118301868438663,0.001529087651208651,3
SS-S,3840,0.68752140215318,0.004794491987350512,25,1.3906707048416138,2.9606199982430805,2,0.685013153354491,0.003646949143812469,50.0,2.528310251235962,4.0304008403821605,2.0,0.6838485991916294,0.00343168424010028,100.0,11.89191517829895,2.1690818108864653,2.0,0.6824616926259865,0.00018441989676045632,200.0,37.6753909945488,2.4308691635913724,2.0,0.6868231517351594,0.0053270196556726955,25,25.06599756479263,8.765909115557404,2,0.6864042506296824,0.007878495582545414,50.0,124.55369399785995,3.8506681202465707,2.0,nan,nan,nan,nan,nan,nan,0.69976783177451,1.1390647892519134e-16,25,0.01434044837951656,0.02440647441705897,2,0.69976783177451,1.1390647892519134e-16,50,0.022784233093261674,0.0014402927879579258,2,0.69976783177451,1.1390647892519134e-16,100,0.03837468624114985,0.0011348523270931284,2,0.69976783177451,1.1390647892519134e-16,200,0.04100086688995356,0.001616382173873762,2,0.778054184104651,0.07167348996553383,25,0.0031382918357848706,0.00040733361879573276,3,0.7776564749691549,0.07128984207445477,50,0.0057086229324340345,0.0012622718447240543,3,0.7774043508460895,0.07157290836224688,100,0.014090514183044384,0.026714146639022024,3,0.7750246904917757,0.07277366722262248,200,0.02554975748062129,0.041359360197099855,3,0.0106372806989624,0.008500102898707444,25,1.7007882714271545,0.04731531611854815,1,0.007773813752097544,0.008550053574085953,50,2.8610135436058046,0.2532569161814157,1,0.003297130804826795,0.0010970482426264465,100,6.74792114496231,0.7917380790428066,1,0.0029562519241241696,0.0008492985763375425,200.0,20.307762026786804,3.67374721615868,1.0,0.7907540805376602,0.08067299035670951,25,0.005868446826934765,0.000325629622913746,3,0.7874437305225419,0.0810564065883268,50.0,0.012633752822875932,0.0006592714278269917,3.0,0.7791810959235997,0.07598586907896857,100,0.02274163961410517,0.018461731713425387,3,0.7791810959235997,0.07598586907896857,200,0.04367045164108272,0.021376453278936072,3,0.7712678886774607,0.06628957676250388,25,0.0038017988204955603,0.0007598042178459998,3,0.7693028718177286,0.06729783954970442,50,0.01158751249313349,0.021857209107581477,3,0.7693028718177286,0.06729783954970442,100,0.010590660572051972,0.01790040325761434,3,0.7693028718177286,0.06729783954970442,200,0.010033512115478458,0.003324300735723869,3
SS-T,5184,0.631849944714845,0.08918680441616403,25,2.800865364074707,1.9411699091862833,2,0.5982371616443125,0.09054435927556158,50.0,6.432869696617127,4.039568343581775,2.0,0.5527517639011805,0.0857334554681985,100.0,8.9734277009964,4.696131486373242,2.0,0.5393377180232937,0.07309906875009625,200.0,41.80510150194168,5.013146009976171,2.0,0.649856918416992,0.07714156076575199,25,39.95203080177307,7.011897125458332,2,0.6225662722373199,0.08994692952308204,50.0,121.57542650699615,6.931870018131659,2.0,nan,nan,nan,nan,nan,nan,0.7064065505952548,1.1390647892519134e-16,25,0.012969839572906424,0.00038506070537549744,3,0.7064065505952548,1.1390647892519134e-16,50,0.024856746196746774,0.0005841491290595246,3,0.5041834211080917,0.0,100,0.038617861270904476,0.018928539928409847,2,0.5041834211080917,0.0,200,0.06258982419967647,0.0020612362772798568,2,0.7521364941711186,0.09458591806920891,25,0.003973412513732866,0.0007480505251189022,3,0.7521364941711186,0.09458591806920891,50,0.009576666355133004,0.0016173290318420243,3,0.7504684377605086,0.09451014622356924,100,0.01307514905929561,0.0015321810339080438,3,0.7504684377605086,0.09451014622356924,200,0.014785754680633489,0.0012487426730558935,3,0.04859075413144738,0.016689582021584246,25,2.5402626991271973,0.07866304824744433,1,0.03690457783951283,0.011274833883011376,50,4.7401731491088865,0.8042113639919629,1,0.03419034800323185,0.008107254157212125,100,5.680691719055176,2.367807295333314,1,0.032920041365184484,0.004376105095813551,200.0,7.246822464466095,3.3183617695128453,1.0,0.7596591219191923,0.09778186741900569,25,0.006210839748382524,0.00047052050858071274,3,0.757193949278637,0.09767215819068494,50.0,0.01829557418823237,0.001271720597183723,3.0,0.7537377152184884,0.09536965695512159,100,0.027693796157836858,0.001256174441168236,3,0.7531131619267997,0.09449097608595705,200,0.04513953924179072,0.001979679332839795,3,0.7520379504440525,0.0965804592519945,25,0.004268586635589546,0.0010767747544896112,3,0.7478820694691496,0.09355447299861855,50,0.009483957290649363,0.0019045452003723356,3,0.7477834741259632,0.0935877871271458,100,0.009248590469360298,0.0014249423469656134,3,0.7477834741259632,0.0935877871271458,200,0.010506319999694775,0.0013449221112269733,3
SS-U,4608,0.5758701164159343,0.011556837664729949,25,5.163223445415497,2.967155607180376,2,0.5680797672865479,0.004449842807032137,50.0,4.976803946495056,3.264754159623067,2.0,0.5659984623681696,0.0008742470988615623,100.0,10.621491777896882,3.4370680873963826,2.0,0.5655445959969073,0.0008107022818495433,200.0,50.84500604867935,3.7578064835030967,2.0,0.573423629183909,0.006210667020502908,25,22.888062727451324,5.644032843223212,2,0.569350654930736,0.00464851993818357,50.0,45.114192163944246,7.778352550645341,2.0,nan,nan,nan,nan,nan,nan,0.6426545115327672,1.1390647892519134e-16,25,0.011989343166351264,0.00038768150869548555,3,0.6426545115327672,1.1390647892519134e-16,50,0.029102766513824423,0.0009670721446175048,3,0.6157962535927979,0.0,100,0.051026833057403534,0.0013056191412828505,2,0.6157962535927979,0.0,200,0.08204653263092039,0.003631964914630284,2,0.6794465125259664,0.0663365856438362,25,0.006413626670837355,0.0007087253683556728,4,0.6792189512376922,0.0662700375892881,50,0.010332298278808553,0.0006839998318536642,4,0.6790902157837934,0.06610339508072953,100,0.014845669269561712,0.000952030656730398,4,0.6790902157837934,0.06610339508072953,200,0.02228617668151851,0.0011191251039764372,4,0.2657682618799517,0.02512592952960068,25,3.350452256202698,0.2333445405251658,1,0.2507724300572798,0.014361200430188636,50,5.220478749275207,0.9458048529758354,1,0.24476488693508364,0.015409887988332618,100,7.033188724517823,3.5277665920211922,1,0.2386090364160943,0.007329905524294103,200.0,12.358032584190369,10.226324886216698,1.0,0.6813126754822776,0.06412527378924714,25,0.00792772769927973,0.0011049445412364203,4,0.6794750797421931,0.06621013832823198,50.0,0.0211485385894775,0.0014678865259996358,4.0,0.6790983428638523,0.06610507244003282,100,0.02611217498779292,0.0010476012995142732,4,0.6790902157837934,0.06610339508072953,200,0.04830480813980099,0.01948296298245468,4,0.6116225519006558,0.04910242612147837,25,0.007351446151733344,0.0003374030278577694,2,0.5804204850025186,0.026390757772753466,50,0.01550829410552973,0.0013631754438047515,2,0.5665330726500022,0.0009702440874604744,100,0.028230941295623722,0.0019538850874629824,2,0.5664619768227087,0.0010214468015980675,200,0.047597754001617386,0.030393210336002043,2
SS-V,6840,0.15077671761127265,0.10513584403054674,25,2.1626717925071715,2.9980575399050338,1,0.09631116443885793,0.06931272661226535,50.0,12.655861401557923,2.4194719116884014,1.0,0.08529554347615229,0.0737054793535012,100.0,30.643112862110137,3.6469976958671233,1.0,0.04771213908952489,0.06312399354614094,200.0,74.72636632919311,2.7469441963875867,1.0,0.14105547866056253,0.0941376619003906,25,27.15168732404709,5.726453179565751,1,0.07347094222969182,0.07232565844595686,50.0,86.93619751930237,5.277439611383249,1.0,nan,nan,nan,nan,nan,nan,0.7003546945203374,1.1390647892519134e-16,25,0.0207431316375732,0.03492964506829156,3,0.3226887756681023,5.695323946259567e-17,50,0.01877137422561641,0.0007152961137108332,2,0.0341614134204188,0.0,100,0.044601666927337594,0.001122140430239623,1,0.0341614134204188,0.0,200,0.048008096218109086,0.0018757381145142582,1,0.3163037354814473,0.2680577824789503,25,0.005928814411163285,0.0010040270485371617,2,0.3089117357708414,0.2613780118091086,50,0.00856598615646358,0.0013031846843154758,2,0.3089117357708414,0.2613780118091086,100,0.01432439088821406,0.0017622899495771116,2,0.3089117357708414,0.2613780118091086,200,0.018464851379394482,0.02528795932566963,2,0.04302248073695612,0.039529050779042445,25,3.0160304069519044,0.08934559126293273,1,0.017098561734421876,0.010247442339418983,50,4.25010404586792,0.18642521191048886,1,0.013003551293392252,0.009725693903415546,100,8.335343134403228,2.084157992081631,1,0.010490671656744416,0.008794757200301163,200.0,14.272965204715728,7.593471333698668,1.0,0.3148995592591895,0.26093983415107563,25,0.00788158178329463,0.0013983491415789087,2,0.3116231956752308,0.26096987739346167,50.0,0.019439435005187945,0.0028573444521890912,2.0,0.3105210557718685,0.2582881672783788,100,0.0329462885856628,0.005157890514349399,2,0.3105210557718685,0.2582881672783788,200,0.05267336368560786,0.008412050029224228,2,0.30111041219249524,0.23443657269073107,25,0.00562094449996943,0.0009703805076566405,2,0.29036041868158485,0.22554177420031016,50,0.005756461620330755,0.0012884034437088434,2,0.29036041868158485,0.22554177420031016,100,0.006986308097839315,0.0012287859155999256,2,0.29036041868158485,0.22554177420031016,200,0.011218726634979196,0.0015822475377692202,2
SS-W,65536,0.24871874114478754,0.04962980496464703,25,4.024687457084656,1.7087181815250594,1,0.22069263420796953,0.04302491315432341,50.0,4.384319996833801,2.866089143373994,1.0,0.2015118385226507,0.03098268829314377,100.0,22.07884019613266,3.8950602725415058,1.0,0.18322044218147243,0.035327295548693786,200.0,31.943720626831055,3.5511067672673136,1.0,0.28169663144887336,0.04888761368565115,25,26.076436924934388,5.296156907299132,1,0.25232931338573505,0.03389076483181365,50.0,96.57157862186432,9.99855409633016,1.0,nan,nan,nan,nan,nan,nan,0.339205152896189,5.695323946259567e-17,25,0.015336608886718705,0.0009916625952888143,1,0.339205152896189,5.695323946259567e-17,50,0.02744699716567988,0.0008649644964169867,1,0.339205152896189,5.695323946259567e-17,100,0.0589563965797424,0.00490916471632614,1,0.339205152896189,5.695323946259567e-17,200,0.05633262395858761,0.0042547417797877485,1,0.44782354561882143,0.08427130450539727,25,0.0075136065483092694,0.0008027933904547382,3,0.44345787790866564,0.08302064812790844,50,0.00909584760665888,0.0008898526739349643,3,0.44251870479814864,0.08261668624136434,100,0.013637137413024858,0.0019551742149354467,3,0.4419871816203738,0.08302788947555756,200,0.017622566223144485,0.0020099363883031426,3,0.274050799527486,0.05123186845487444,25,2.821858310699463,0.13645979400857974,1,0.26222914139933046,0.04727421284806581,50,4.615942704677582,1.1351703016126324,1,0.26186396547505686,0.051260306207048426,100,3.3459354639053345,1.5847033278679734,1,0.2585040391249677,0.04918103480399314,200.0,2.974817860126495,2.0251792504785793,1.0,0.4560631104163605,0.09135564673436668,25,0.008209300041198684,0.0005500571692955897,3,0.4545503043183389,0.09112047283499361,50.0,0.01921178102493282,0.000766478109170198,3.0,0.4535474463287638,0.09158636395151873,100,0.03443315029144282,0.0014174399670194144,3,0.45350855854421024,0.0916167694736962,200,0.0617867827415466,0.001235552670674368,3,0.37575981332352754,0.09755408888043954,25,0.0070579767227172355,0.0002483942357158486,2,0.3449661640536766,0.08884196395355207,50,0.010089647769927924,0.0007948996862807805,1,0.33188472371047,0.08213068159551688,100,0.023099315166473344,0.0008527201105202106,1,0.33007302806687827,0.08113275948734253,200,0.04264861345291132,0.003612646001191821,1
SS-X,86058,0.04619972954051556,0.032473305885293235,25,2.672985303401947,3.3705944326918247,1,0.017591135461485143,0.015167505283929657,50.0,6.01554936170578,3.1109683579154557,1.0,0.009632800064439881,0.0022970000301762838,100.0,22.069780278205872,1.8279061857738954,1.0,0.007364560825854424,0.002199926942422131,200.0,34.66674139499664,3.59279183676718,1.0,0.0917785848969358,0.06534382615267907,25,40.285601508617404,4.160880871149051,1,0.07551049081179054,0.06760407018644776,50.0,104.98859763145447,10.229116485848499,1.0,nan,nan,nan,nan,nan,nan,0.5679931666770062,0.0,25,0.010221993923187223,0.000925914310022343,3,0.4317351593688631,1.1390647892519134e-16,50,0.021847426891326856,0.0005218526853218351,2,0.18521651696584113,2.8476619731297836e-17,100,0.04666069746017452,0.0012405547103676471,1,0.18521651696584113,2.8476619731297836e-17,200,0.06297063827514646,0.002553204486048494,1,0.37728774348955196,0.19484058097812956,25,0.00494047403335567,0.0009068877603083398,2,0.3763211511808709,0.1963000525130389,50,0.006881117820739686,0.001018261150880952,2,0.3744324110731282,0.19776659237581684,100,0.011890864372253387,0.0016316950759576766,2,0.3744324110731282,0.19776659237581684,200,0.01832808256149286,0.0027441858056431955,2,0.03121559855758963,0.04012451571099187,25,2.865797519683838,0.28156679034266224,1,0.009839844558618596,0.014870544776059702,50,5.637599527835846,0.3801060527155172,1,0.00416202130980158,0.004710212174859985,100,10.601740598678589,1.4350338331583818,1,0.0020470289394345005,4.449471833015287e-19,200.0,16.57501083612442,3.050388329346497,1.0,0.3795982280831018,0.20049326047375993,25,0.00813047885894771,0.000493658993308849,2,0.3757885139192695,0.1978450208894295,50.0,0.01631624698638912,0.0011101250162981757,2.0,0.3749668020600023,0.19735724370338326,100,0.03404746055603024,0.002142062979428816,2,0.3749668020600023,0.19735724370338326,200,0.05651342868804928,0.0033841584422826827,2,0.3743850845906306,0.1959782998288002,25,0.00618313550949093,0.0008967926804215387,2,0.35737905568268524,0.1798066811225289,50,0.006974780559539741,0.0018891678996481457,2,0.35503601502579835,0.18107420375537464,100,0.012117004394531205,0.002635200846538463,2,0.35173334267515066,0.18056429500735108,200,0.01673779487609859,0.005381240886768759,2
Scrum100k,100000,0.2993455576531355,0.03939402755244414,25,6.356668746471405,2.5071069936938564,1,0.25573202700528375,0.01551506514656377,50.0,15.616835153102874,2.614825503415387,1.0,0.24401755554332255,0.009429611941991599,100.0,39.125271797180176,3.8930371928931415,1.0,0.2388240932851849,0.0065751665171856375,200.0,100.4233180642128,7.997509435061755,1.0,0.3557009009332228,0.036554013129762024,25,9.424644112586975,8.100288185832543,2,0.3024569484639921,0.04290701074498397,50.0,73.0871142745018,8.436660847898688,1.0,nan,nan,nan,nan,nan,nan,0.2776005670562148,5.695323946259567e-17,25,0.028448462486267045,0.0024491399058516163,1,0.2734417820364425,5.695323946259567e-17,50,0.0509325265884399,0.0052970120375597654,1,0.2734417820364425,5.695323946259567e-17,100,0.10784649848937984,0.005866138826243625,1,0.2734417820364425,5.695323946259567e-17,200,0.2075534105300903,0.017652542828865633,1,0.3890020294832807,0.055972884560405785,25,0.02670876979827877,0.004844945995204873,3,0.36075253159929616,0.04808404362666583,50,0.06160320043563838,0.013307991856480494,2,0.34765161480628,0.044010739357627955,100,0.0811077237129211,0.019053354323035426,2,0.3427901826591352,0.04045028764507084,200,0.1558180451393127,0.030812943135159063,2,0.38875344375396403,0.035717590374099474,25,5.710094261169433,0.580281180302363,3,0.3563144289284762,0.02119384007440825,50,15.727929735183716,1.535060307512891,2,0.3354351059163491,0.02257478936251165,100,25.206215655803682,8.483136937060197,2,0.331045288504911,0.0192851096032436,200.0,27.100053250789642,10.925090570671859,2.0,0.45518461962264534,0.05994266700271516,25,0.04064975976943964,0.00887200240597259,4,0.4383884891773455,0.06498895694290946,50.0,0.07381924390792842,0.016983016633831977,4.0,0.41386060457876866,0.07707050337157909,100,0.13923478126525876,0.03354591519177749,3,0.41386060457876866,0.07707050337157909,200,0.2683629751205444,0.06590186892369451,3,0.3861058787208393,0.05443593588667851,25,0.02700750827789301,0.00407640724811812,3,0.32317664070784924,0.03411344654745654,50,0.059946620464324904,0.008503642817452693,1,0.2929197240430237,0.021326815070724696,100,0.08279949426650998,0.009462606182490658,1,0.28263234256696146,0.028321995599532378,200,0.17562175989150997,0.021605151597683624,1
Scrum10k,10000,0.2704462049325308,0.034106848788525025,25,4.755952668190003,2.8044093161024186,1,0.24369655893421843,0.018226992775591103,50.0,13.361494410037995,3.4848465376009776,1.0,0.23936105869229096,0.017086377577074235,100.0,29.10952388048172,3.7929438539235134,1.0,0.2371639677015222,0.01724892855467483,200.0,88.83494166135787,4.619516489403708,1.0,0.3604719970602241,0.052907336572744094,25,16.229830276966094,9.762762803090586,2,0.30526959817688876,0.040609758500338204,50.0,45.722948825359346,6.847396853846505,1.0,0.28357250846234694,0.03650065196134892,100.0,122.15165729522705,7.529214056483909,1.0,0.3568488052428683,5.695323946259567e-17,25,0.02202823162078852,0.0005208139233845954,2,0.3133656532330864,0.0,50,0.03739423751831051,0.0010773641116763012,1,0.2297322411232176,0.0,100,0.1070346117019653,0.0016924799095709324,1,0.2297322411232176,0.0,200,0.1862533569335937,0.0018839203303004832,1,0.39986729162613566,0.08165343879712814,25,0.020985007286071722,0.0035178501861738106,3,0.39593036257942904,0.08464558968021368,50,0.02945833206176753,0.0051511991084920395,3,0.3818934656094328,0.07529670702364387,100,0.08548403978347775,0.022200187527538887,2,0.3742251379693895,0.06930474485300143,200,0.06997281312942501,0.011833979192133285,2,0.34795809081635026,0.024724143119225682,25,7.908909666538238,0.10132565482484843,2,0.32019497821309184,0.02411549763273522,50,13.146305418014526,0.8176207940746983,1,0.3076839949547059,0.027069427395303273,100,22.95835461616516,12.688280758120515,1,0.3094569199269576,0.02854026363976257,200.0,27.955635797977447,20.916506392404767,1.0,0.45117195021711104,0.07797870535366339,25,0.028647136688232377,0.004261787525879422,3,0.4317183804070335,0.07043066003547085,50.0,0.04440981149673458,0.006124730352543934,3.0,0.4182041437089305,0.06540473238871959,100,0.08069185018539426,0.011440874314924415,3,0.4182041437089305,0.06540473238871959,200,0.14915989637374874,0.021225187081756563,3,0.3606505754235051,0.061574707568869826,25,0.021844816207885698,0.002759055079473829,2,0.3002384242299136,0.03855835174522023,50,0.03113870620727534,0.0032846059011983017,1,0.28294354931790916,0.033229394819422296,100,0.07094376087188718,0.006248334655211682,1,0.27548861131390956,0.0232841204008501,200,0.12358779907226558,0.01257729420988095,1
Scrum1k,1000,0.29304592578841676,0.0299662778062359,25,3.5997802376747132,2.8108687881905046,1,0.261266663135831,0.007320008799360704,50.0,9.50068403482437,2.9636280013963794,1.0,0.25962985940870437,5.695323946259567e-17,100.0,24.948484587669373,2.4562713537482717,1.0,0.25962985940870437,5.695323946259567e-17,200.0,62.23030539751053,3.7801706868331237,1.0,0.33451213711451155,0.06302649013520227,25,17.497534620761872,7.46437007183063,1,0.32350004861444537,0.06017465133162653,50.0,49.4558968424797,7.382163797845112,1.0,0.2930759003286133,0.042359660011218714,100.0,126.88676069974899,7.859601493686105,1.0,0.45097616498551407,5.695323946259567e-17,25,0.02040867805480952,0.0003552538611929028,3,0.36505037029591636,5.695323946259567e-17,50,0.031853818893432584,0.0016852121500960933,2,0.36505037029591636,5.695323946259567e-17,100,0.0685201287269592,0.0013963459067210411,2,0.25962985940870437,5.695323946259567e-17,200,0.12208182811737056,0.0016695274938264687,1,0.4272199673967096,0.07230150830887623,25,0.01239689588546747,0.0013085954905217693,3,0.4272199673967096,0.07230150830887623,50,0.02363779544830318,0.002270931911555103,3,0.4215530749241698,0.06690794002910268,100,0.03647834062576289,0.004886313942565174,3,0.4215530749241698,0.06690794002910268,200,0.04377647638320917,0.003105189803152914,3,0.32323742288838264,0.036454585427971,25,6.193298017978668,0.6143689558885681,1,0.3051637293267414,0.02911445879151366,50,13.42284791469574,3.7662247010395213,1,0.2906348642352701,0.02154276797926462,100,26.83160856962204,14.352359597682891,1,0.29051234635925494,0.02110371161729294,200.0,34.55232838392258,39.717587602292575,1.0,0.46170211226343716,0.06962954181837078,25,0.016243827342987013,0.0009272618044858846,3,0.44128894427209825,0.0668882230829424,50.0,0.03255348205566401,0.0019863679239981507,3.0,0.43778483703911464,0.06589667856138297,100,0.05491731166839595,0.0022801155833254904,3,0.43778483703911464,0.06589667856138297,200,0.10077368021011349,0.0037734140307601996,3,0.3613522473051139,0.06529484454799477,25,0.013638627529144234,0.000689300165821073,2,0.300234846414995,0.026076233170232735,50,0.02257086038589474,0.0014862780069600956,1,0.2941622346079357,0.026462597850407603,100,0.03742775917053218,0.002922990223775713,1,0.2790286242993857,0.021821109239915214,200,0.05775626897811885,0.01005688424369957,1
X264_AllMeasurements,1152,0.13526689664602848,0.17306093304679895,25,3.1518126726150513,1.4517264998984758,1,0.035020069824642154,0.08638657521816913,50.0,9.529699516296386,1.9792453463450204,1.0,1.756866926417e-05,7.856947749779067e-05,100.0,20.94994740486145,2.68904617750516,1.0,0.0,0.0,200.0,20.674635100364686,2.8423189797571986,1.0,0.11328182741854795,0.10937426646173844,25,16.888879573345186,6.433468199005613,1,0.10649547455312391,0.11081233452408311,50.0,116.15279951095582,4.000147297840479,1.0,nan,nan,nan,nan,nan,nan,0.47936676630900427,5.695323946259567e-17,25,0.00952605009078975,0.0012325686367729346,2,0.0,0.0,50,0.018415808677673295,0.0006269834934767956,1,0.0,0.0,100,0.03245784044265741,0.0020320023303481774,1,0.0,0.0,200,0.08479839563369747,0.002653764419388324,1,0.5624910642113224,0.3430461643836054,25,0.007334375381469681,0.0006808609519358989,2,0.5624893333079467,0.34304416765856477,50,0.007031929492950391,0.000993485153916797,2,0.5624893333079467,0.34304416765856477,100,0.009477913379669137,0.0007156719029152608,2,0.5624893333079467,0.34304416765856477,200,0.014626395702362016,0.0007187293077228753,2,0.012186165581678725,0.012327638604977598,25,2.6861204504966736,0.2938571403988038,1,0.003724904064680385,0.005768482035658411,50,4.199439728260041,0.7489668041696531,1,0.0009924999956727313,0.0023273476362154653,100,6.903570127487183,4.281403960822341,1,0.00027677144978735486,0.0008946159355733609,200.0,19.459683096408845,9.520736077888307,1.0,0.5831799464458496,0.31963171649931515,25,0.00685451030731197,0.0008192708427946852,2,0.5631248344823646,0.34254146985158823,50.0,0.011613178253173794,0.000747623208355198,2.0,0.5624893333079467,0.34304416765856477,100,0.02154589891433711,0.0010120049533130244,2,0.5624893333079467,0.34304416765856477,200,0.039621245861053436,0.0010603855540532935,2,0.24954858039959626,0.21674623050807776,25,0.00525432825088497,0.0006720656210251326,1,0.022450855325903067,0.09600453149779138,50,0.008771562576293903,0.0005458173248583092,1,0.0,0.0,100,0.01787358522415156,0.0014181865956268626,1,0.0,0.0,200,0.026168167591094922,0.002702015185268156,1
billing10k,10000,0.35623491374496136,0.0099164319773678,25,3.8078194499015807,3.1946457754680426,1,0.3497655860037551,0.001007722292972071,50.0,9.452230787277221,3.234351297704121,1.0,0.34927448290644125,5.695323946259567e-17,100.0,24.502167809009553,3.07210917926144,1.0,0.34927448290644125,5.695323946259567e-17,200.0,63.514529049396515,4.421317913098193,1.0,0.3808900303697445,0.01865764414572601,25,32.59434061050415,5.5410430330306175,1,0.37114897786046613,0.02066317599370535,50.0,104.48675564527511,9.239055352370615,1.0,nan,nan,nan,nan,nan,nan,0.4058968587641815,0.0,25,0.015168201923370317,0.0006405146800791024,1,0.39500838974039515,5.695323946259567e-17,50,0.030350136756896923,0.0006989535042600677,1,0.3632101945245533,0.0,100,0.06213300228118892,0.0014569677717147255,1,0.3632101945245533,0.0,200,0.12544687986373898,0.02684576253968948,1,0.4266983030271011,0.05078008081509494,25,0.017953050136566114,0.0020575807994763088,2,0.4034694768781685,0.04470943710448834,50,0.03162291049957271,0.004523091205868426,1,0.39766779494594034,0.043339417056925816,100,0.05390853881835933,0.010091821466381065,1,0.39560717540416024,0.044243031353361176,200,0.08460848331451412,0.017198998131827178,1,0.38343655878777616,0.03064230558101555,25,5.446265137195587,0.17443656650459946,1,0.37302489573041586,0.024656418305344374,50,8.546020555496217,3.114612653139389,1,0.3686692628199869,0.018083020359126876,100,9.813926243782044,6.814523449297418,1,0.36613491052865166,0.01775442994703291,200.0,14.11911985874176,9.622415173617293,1.0,0.4899613640468675,0.0758029093227866,25,0.024755048751831,0.0018618649681468175,2,0.4617042315947094,0.07058351335909885,50.0,0.04498320817947383,0.0031866011793772334,2.0,0.4526868066886377,0.07561335071318064,100,0.0706084847450256,0.006991380542703175,2,0.4526868066886377,0.07561335071318064,200,0.1623079657554626,0.009385263044502028,2,0.4184513268370117,0.049493043972515825,25,0.0171323180198669,0.0018566994251144051,2,0.3784591550791628,0.03601315117894403,50,0.02928174734115596,0.0028380572739697785,1,0.36393168249450364,0.02704320470983066,100,0.05881657600402827,0.004195065541589757,1,0.356159432006234,0.006609139700834592,200,0.10002561807632444,0.012610125651918347,1
coc1000,1000,0.5866027524477727,0.042691355254800716,25,6.094974410533905,3.3804690030442597,3,0.5659370959328357,0.03246347924369226,50.0,17.997301232814788,3.0320783549814605,3.0,0.5475233811724868,0.029695650923692984,100.0,46.36428896188736,4.5977776480314905,2.0,0.5379425275137334,0.025579911569181824,200.0,130.67463109493255,7.530462897518415,2.0,0.5668688061982026,0.03868965237184824,25,14.013331949710846,6.128227152750095,3,0.5533127444257786,0.03956807825103728,50.0,71.69144444465637,6.996305016550769,3.0,nan,nan,nan,nan,nan,nan,0.5557524417825745,1.1390647892519134e-16,25,0.010995340347289984,0.0005637120943064567,3,0.5557524417825745,1.1390647892519134e-16,50,0.020258748531341512,0.0015393559013593462,3,0.5500725251633464,1.1390647892519134e-16,100,0.03847589492797846,0.0008672609456695901,3,0.5108815833452163,2.278129578503827e-16,200,0.06155626773834224,0.00212589234172657,2,0.5853034315134693,0.045980404473435155,25,0.0055488348007201645,0.000562662532217257,3,0.5562654330261056,0.0433585507656185,50,0.011605000495910596,0.0017478994925634323,3,0.5309582149343316,0.02385796256503904,100,0.025190508365631047,0.0022778610305367077,2,0.5270668617767978,0.024953190885642084,200,0.026708590984344423,0.0029187627194669826,2,0.22143296183558325,0.04960277035047593,25,4.102054309844971,0.28170190521468125,1,0.21480988780021226,0.05153958416352311,50,6.7639418005943295,0.13673877044913044,1,0.1894680329861465,0.03381122602225483,100,14.509957122802735,0.2622078620854799,1,0.16515350816874133,0.03280791911845545,200.0,32.42762662172318,0.5203747925301395,1.0,0.5886388506967768,0.052510407532214115,25,0.009553360939025835,0.0004926346907700202,3,0.5630892240790901,0.04160528215477612,50.0,0.015278804302215532,0.0007797394532042085,3.0,0.546361693887176,0.03746792407236715,100,0.0270309209823608,0.0014684264635964211,2,0.5436693490220675,0.038009407645920854,200,0.062259566783905,0.0014876116606255825,2,0.5751319387704172,0.04338029158757227,25,0.005404710769653266,0.0005024656289620535,3,0.5428654952184264,0.032270636190516865,50,0.009550261497497515,0.0006743260405197402,2,0.5175896806009453,0.014652114622584523,100,0.018588685989379815,0.001981229958875945,2,0.5085442208851011,0.010933226951650766,200,0.03308331966400142,0.0016055283293843299,2
dataset120,5160,0.0,0.0,25,33.65624024868011,2.5737723587937014,1,nan,nan,nan,nan,nan,nan,nan,nan,nan,nan,nan,nan,nan,nan,nan,nan,nan,nan,0.0,0.0,25,46.71469805240631,5.075220832105774,1,0.0,0.0,50.0,127.58443070650101,6.227866931704406,1.0,nan,nan,nan,nan,nan,nan,0.0,0.0,25,0.0917969465255737,0.000835032399615787,1,0.0,0.0,50,0.20235768556594844,0.0027513836527856203,1,0.0,0.0,100,0.3937120795249939,0.028953589059127656,1,0.0,0.0,200,0.381023907661438,0.024751764430019408,1,0.0,0.0,25,0.006626439094543411,0.0005754731133024945,1,0.0,0.0,50,0.01245774030685421,0.001250967875448249,1,0.0,0.0,100,0.019380033016204785,0.002318500122085127,1,0.0,0.0,200,0.02018650770187374,0.002927103575572478,1,0.125,0.22213082915965965,25,0.5314077377319336,0.010049601851925924,1,0.025,0.11180339887498947,50,1.0469274640083313,0.030420356220046962,1,0.0,0.0,100,2.1719038248062135,0.0432067158307911,1,0.0,0.0,200.0,4.629778349399567,0.14290907252515891,1.0,0.0,0.0,25,0.007726418972015333,0.0006556698576281549,1,0.0,0.0,50.0,0.015321826934814394,0.001042445747538666,1.0,0.0,0.0,100,0.03074249029159541,0.0020500928280672557,1,0.0,0.0,200,0.05936629772186276,0.003480428033603605,1,0.0,0.0,25,0.0055490136146544855,0.0004194451145193101,1,0.0,0.0,50,0.009373664855956986,0.0010370527788610498,1,0.0,0.0,100,0.018848752975463814,0.0028314148092911545,1,0.0,0.0,200,0.03568078279495236,0.005680658941233707,1
dataset600,5160,0.0,0.0,25,20.571481251716612,3.974440529799584,1,0.0,0.0,50.0,104.46377856731415,12.067785815995483,1.0,nan,nan,nan,nan,nan,nan,nan,nan,nan,nan,nan,nan,0.0,0.0,25,22.938800382614136,7.716660361639049,1,0.0,0.0,50.0,125.39246789216995,5.960589226861652,1.0,nan,nan,nan,nan,nan,nan,0.0,0.0,25,0.17313380241394039,0.0029450001519805698,1,0.0,0.0,50,0.2028634667396545,0.002669706713198096,1,0.0,0.0,100,0.4366109251976013,0.02938226184994122,1,0.0,0.0,200,0.38631339073181153,0.02834360691793977,1,0.0,0.0,25,0.006857454776763866,0.0007611053699220391,1,0.0,0.0,50,0.017201387882232622,0.0016111142908733294,1,0.0,0.0,100,0.01857217550277705,0.0023955256352013775,1,0.0,0.0,200,0.026095306873321494,0.00352662036008302,1,0.1,0.20519567041703085,25,0.5303604483604432,0.014766374676742555,1,0.075,0.18317377426626164,50,0.9772921681404114,0.032438248595534236,1,0.0,0.0,100,2.1628599047660826,0.046652792812469354,1,0.0,0.0,200.0,4.474800074100495,0.1518025665342483,1.0,0.0,0.0,25,0.007836461067199655,0.001016533983820176,1,0.0,0.0,50.0,0.01619051694869991,0.0008974032894104084,1.0,0.0,0.0,100,0.02760651111602778,0.003028811054804885,1,0.0,0.0,200,0.057947409152984575,0.00250423210830511,1,0.0,0.0,25,0.00547926425933834,0.0005310263200194551,1,0.0,0.0,50,0.010028815269470175,0.0013860187797120908,1,0.0,0.0,100,0.018984043598174995,0.0014016327899597292,1,0.0,0.0,200,0.03387758731842037,0.0053739160927831695,1
dconvert,6764,0.12426810477657932,0.1043335179984632,25,3.6105644941329955,3.547309908385598,1,0.07226502311248072,0.03815379461428029,50.0,9.231428515911102,3.548119540109318,1.0,0.06147919876733432,0.028305347193233337,100.0,22.70330626964569,3.625351148492456,1.0,0.050616332819722595,0.009221647599985954,200.0,55.4034621834755,3.791921550502495,1.0,0.14221879815100152,0.09503337614048096,25,20.774771559238435,5.2108545314717665,1,0.09453004622496144,0.032881419775623956,50.0,96.78334925174713,5.536452995708117,1.0,nan,nan,nan,nan,nan,nan,0.17719568567026203,2.8476619731297836e-17,25,0.010261821746826123,0.0007843246336451281,1,0.17719568567026203,2.8476619731297836e-17,50,0.024573159217834446,0.02506276465358175,1,0.07395993836671808,2.8476619731297836e-17,100,0.056048083305358834,0.027734468225731404,1,0.07395993836671808,2.8476619731297836e-17,200,0.04587131738662716,0.0010093304016915287,1,0.7731124807395994,0.16412868851140847,25,0.0052228927612304145,0.001212560534141847,3,0.7407550077041603,0.22814606595373577,50,0.00971052646636959,0.001462421331348906,3,0.7407550077041603,0.22814606595373577,100,0.013349950313568074,0.0020394075679670185,3,0.7407550077041603,0.22814606595373577,200,0.013884949684143003,0.0033168805263031533,3,0.029044684129429826,0.02432304013332047,25,3.2029430985450746,0.09933489015432224,1,0.009399075500770359,0.005741374794191478,50,4.497742223739624,0.6517946711692829,1,0.009938366718027686,0.009928948154712172,100,6.144111466407776,3.6317716302963516,1,0.005084745762711825,0.0024541551883437516,200.0,11.031432974338532,6.019065235902707,1.0,0.8204930662557782,0.10308554913807423,25,0.010470199584960885,0.0017631291197853268,3,0.8119414483821263,0.10564059952242677,50.0,0.019848632812499947,0.003553839777226102,3.0,0.7742681047765793,0.19759078301842425,100,0.04131946563720699,0.007295646570357103,3,0.7742681047765793,0.19759078301842425,200,0.07625937461853025,0.014016374675074716,3,0.6265023112480739,0.20579462193195583,25,0.005241513252258235,0.0009663881503530626,2,0.5535439137134052,0.24045913211627543,50,0.008602106571197454,0.0016402704750528478,2,0.5106317411402158,0.26007261705561324,100,0.012012815475463814,0.0022518049538715742,2,0.4634052388289677,0.2964093615385267,200,0.02149512767791744,0.003590828748881985,2
deeparch,4096,0.07979037008412035,0.13541575011266746,25,1.6768650889396668,3.3085847659452723,1,0.003330377772187675,0.003033981640604357,50.0,3.2265510082244875,3.4839241808811066,1.0,0.000797329318887165,0.0013595626575052732,100.0,7.350907659530639,3.578087211834683,1.0,2.1487780076965e-05,9.609627387531882e-05,200.0,19.51111911535263,3.678503414829626,1.0,0.06522283657126947,0.11326717075398045,25,28.52474739551544,8.85317426990145,1,0.01992141542732322,0.06017172947413262,50.0,85.1348085284233,9.199353114954212,1.0,nan,nan,nan,nan,nan,nan,0.39293722059498637,5.695323946259567e-17,25,0.009357488155364945,0.0004421487834779468,2,0.39293722059498637,5.695323946259567e-17,50,0.01579902172088618,0.0003695735850222132,2,0.318034050425252,1.1390647892519134e-16,100,0.03328635692596431,0.0009784981428488497,2,0.27980789545202833,5.695323946259567e-17,200,0.06271234750747676,0.0018989672600009855,1,0.6113701438935395,0.21648058500389675,25,0.00659527778625483,0.0005583438281324324,3,0.5900167010637316,0.21722459620144316,50,0.00737180709838863,0.0007870512078095406,3,0.5768692008258862,0.21588591906616536,100,0.011880314350128126,0.0010374460364533991,3,0.5765673635969032,0.21579071551349768,200,0.015031456947326615,0.0017753144094113933,3,0.016434299813650605,0.03907745640371097,25,1.9330629110336304,0.3136041526804555,1,0.0005340589233986599,0.0018541522100886556,50,3.4650989532470704,0.38089954198839776,1,7.57899889731184e-06,1.732399020657346e-05,100,9.01678112745285,1.5449227374234764,1,5.190629757482932e-05,0.00022233846255659753,200.0,22.9812292098999,10.579203636954741,1.0,0.6091200601666175,0.2312377217328066,25,0.0061291098594665,0.0003085716383093142,3,0.5858484601789158,0.23975663491813642,50.0,0.011551153659820504,0.0004328256584432452,3.0,0.5835189490673336,0.2381459649473611,100,0.0331246137619018,0.001765757607184732,3,0.5812986078957387,0.2366084772792137,200,0.059618103504180876,0.0024909041434915723,3,0.21214660229946886,0.22052898624435746,25,0.00497685670852656,0.0002603608502542166,1,0.1763360840715562,0.19483072251112168,50,0.00830976963043208,0.00034978185494124087,1,0.17326922807120643,0.19300300887286853,100,0.015689039230346636,0.0009338186107992345,1,0.17126183357249428,0.19232468710670636,200,0.04141646623611445,0.0035204687384897027,1
exastencils,86058,0.3738997968855788,0.2250166298627019,25,1.6541667580604553,3.356309201159092,2,0.20646846416291628,0.19546138867739055,50.0,3.337302935123444,3.7134389732103217,1.0,0.04168027400533671,0.07795054670421672,100.0,7.446664726734161,3.6022721142973517,1.0,0.00314893730003848,0.012037482335726362,200.0,20.681323158740998,3.6831078709014906,1.0,0.4118337382346303,0.22937701941112085,25,20.219461393356323,7.45931458239311,2,0.30512631592921524,0.17237238706277966,50.0,53.3677253484726,7.183259647371805,1.0,nan,nan,nan,nan,nan,nan,0.7183612781605534,1.1390647892519134e-16,25,0.008886051177978466,0.0003642535776466403,3,0.685756767161841,0.0,50,0.016981875896453814,0.0028452664198147536,3,0.285156716715122,1.1390647892519134e-16,100,0.032540869712829545,0.0011962063844574414,1,0.2420513228988277,0.0,200,0.06904131174087522,0.0402666266634177,1,0.6126667728702856,0.23526147428889466,25,0.0047128558158874055,0.0005110907912897671,3,0.5837880175766988,0.20874230883288297,50,0.010219156742095906,0.0014917232958872304,3,0.5683480027081922,0.19068414281337587,100,0.015345823764800981,0.0019236440125248915,3,0.5683480027081922,0.19068414281337587,200,0.013829016685485787,0.0012028733351302793,3,0.03945198932653631,0.020319604213458037,25,1.7289195895195006,0.05605487625009841,1,0.02917546165385585,0.01781834085273962,50,3.119425618648529,0.13043404577234655,1,0.011385027944827195,0.014337252022367835,100,6.669091653823853,0.6453742863842417,1,0.00361689699576512,0.0035100707099304596,200.0,17.76472496986389,6.663888868357159,1.0,0.6754629814010913,0.1752815937399781,25,0.00737920999526973,0.0005642684685365142,3,0.6185697027626216,0.19917087992788432,50.0,0.01273882389068599,0.0007768051071698122,3.0,0.6086602413477238,0.19145842184910702,100,0.023223209381103466,0.001468302633287479,3,0.5969134573260583,0.17849716808297922,200,0.06507959365844722,0.004430908880995601,3,0.5389807107677193,0.21364101507939887,25,0.004821002483367876,0.0005525506915175954,3,0.4818332072165358,0.22504060035169754,50,0.00683865547180171,0.0014001661892938271,2,0.45823476309955247,0.2334722062910174,100,0.009757900238037054,0.0039143871907784495,2,0.43424933954624495,0.2222808901267433,200,0.013128745555877636,0.0038985592955678616,2
javagc,166975,0.8722623016695235,0.14993830799549038,25,4.577365338802338,2.8270895717475786,2,0.8670189053601813,0.1481361928833578,50.0,28.38203536272049,4.50875769548511,2.0,0.8638161075426799,0.14682636066950105,100.0,59.1478712439537,7.514395399344364,2.0,nan,nan,nan,nan,nan,nan,0.9289407096259739,0.016413517454066183,25,1.5051127552986145,5.669382782118092,2,0.9107068633175736,0.026396508448825157,50.0,32.03719875812531,13.86070544677567,2.0,0.8273609724550598,0.20413043193982264,100.0,137.59879491329193,12.910577682848917,2.0,0.9336962459266515,1.1390647892519134e-16,25,0.13849420547485347,0.008756642911480898,2,0.9082044616901179,1.1390647892519134e-16,50,0.22913612127304073,0.002898480845454579,2,0.9082044616901179,1.1390647892519134e-16,100,0.6218046545982361,0.05206051920454834,2,0.8706197768527064,0.0,200,0.8459564566612243,0.04448276643073441,2,0.931968643849636,0.12197576349775725,25,0.06325408220291133,0.028637118640693505,2,0.9237114405369597,0.12227280547814665,50,0.089404284954071,0.05402943542461859,2,0.9188617227674282,0.1217057459805914,100,0.23884963989257812,0.17790090862439156,2,0.8918721392378833,0.1711423580619079,200,0.2690341114997864,0.2288699584223323,2,0.000897549398180365,0.0004545860024319647,25,2.9902341604232787,0.21164565407897748,1,0.0004913133291892901,9.711809915586841e-05,50,11.949060797691345,0.17327594319159936,1,0.00044139715069657995,7.027552930157096e-05,100,19.94373209476471,1.3283127046299412,1,0.000409375451286155,3.073254502615656e-05,200.0,53.39680645465851,3.0282985458481186,1.0,0.9363540469777167,0.11780945256009567,25,0.12853761911392209,0.0571393558006381,2,0.9357817375853127,0.11799635933081985,50.0,0.2529921650886536,0.1303858828537735,2.0,0.932989257033786,0.1182931539905288,100,0.45042197704315184,0.2154909733022934,2,0.9316060451945475,0.1182218202988988,200,0.7882125973701477,0.4422419794091224,2,0.8873429524006855,0.13855579415676247,25,0.03989921808242793,0.025748996357249896,2,0.8064059095732323,0.2807483580255145,50,0.05733278989791866,0.04876495052073021,2,0.7858602221426911,0.299159551073999,100,0.1051512479782104,0.09420569206390045,2,0.7854674854175692,0.29888754484862806,200,0.16307603120803832,0.14790497316893159,2
nasa93dem,93,0.535823176520771,0.061739419898001364,25,2.356768083572388,4.221406097579194,1,0.6053951799797543,0.05788331317707394,50.0,5.63971084356308,3.7354297776699346,2.0,0.5885784968935265,0.06233536704421958,100.0,11.917818689346314,3.2967370806001752,2.0,0.5087520621008481,0.03766252007472078,200.0,34.64151529073715,3.464680991671895,1.0,0.5257074378104726,0.07108125340401512,25,27.81839225292206,5.031143656151706,1,0.5384302297244801,0.05907166158838467,50.0,100.60657194852828,8.761421343722533,1.0,nan,nan,nan,nan,nan,nan,0.4966034133579772,1.1390647892519134e-16,25,0.007451593875884959,0.00043313172007664936,1,0.6319589854575922,0.0,50,0.028765368461608827,0.0006143982877606098,2,0.6319589854575922,0.0,100,0.04281512498855587,0.001295709194958891,2,0.6319589854575922,0.0,200,0.03646088838577267,0.001107158162516736,2,0.7018236911283242,0.07453356590208435,25,0.00413688421249385,0.0007928664595677671,3,0.4966034133579772,1.1390647892519134e-16,50,0.009536945819854696,0.0006074597257583771,1,0.4966034133579772,1.1390647892519134e-16,100,0.009918785095214797,0.001288038460925091,1,0.7081686446998167,0.07235378247020496,200,0.008615410327911322,0.0013992021742973732,3,0.4555228210785134,0.007410815794717907,25,3.141391158103943,0.20566820616385076,1,0.39989225338308465,0.02636990403953584,50,5.805879712104797,0.16056081603683034,1,0.3905990133725975,0.015671521609043303,100,13.614685618877411,0.338509877013802,1,0.38729650587708664,0.0009022590967132796,200.0,23.520902311801912,0.7590778727393234,1.0,0.708542221200409,0.004216042186874287,25,0.007043933868408156,0.0003313725778889817,3,0.503371191962958,0.030266426034811333,50.0,0.015085828304290705,0.0010731889794166492,1.0,0.7204106184386254,1.1390647892519134e-16,100,0.019170677661895695,0.0009263061288750697,3,0.7115654551405222,0.02722483819353636,200,0.03618392944335932,0.0009619234075936479,3,0.513072533447123,0.051576669146729655,25,0.00494112968444819,0.0012042341716481247,1,0.4966034133579772,1.1390647892519134e-16,50,0.00705214738845822,0.000886412139990315,1,0.4966034133579772,1.1390647892519134e-16,100,0.009757566452026321,0.0017226508564147606,1,0.7159880367895737,0.019778386406645233,200,0.02989573478698724,0.0010283102131446458,3
pom3a,20000,0.5266623960513558,0.06358739212603813,25,101.16323039531707,9.013384324962622,3,nan,nan,nan,nan,nan,nan,nan,nan,nan,nan,nan,nan,nan,nan,nan,nan,nan,nan,0.5200733227860324,0.06080956971654881,25,46.867514634132384,4.275325068560337,3,0.5160454837657752,0.054055506389630956,50.0,118.63120826482773,8.034904398896717,3.0,nan,nan,nan,nan,nan,nan,0.5821691732646656,1.1390647892519134e-16,25,0.06107447147369381,0.0012989492745931154,4,0.4445316869189867,1.1390647892519134e-16,50,0.9102523446083068,0.04742242959475285,2,0.4417494826127711,0.0,100,2.234035873413086,0.02875688771484098,2,0.4417494826127711,0.0,200,4.1930267930030825,0.05081617340997437,2,0.561755485410245,0.07267455712750402,25,0.005916059017181339,0.0007505638570570248,4,0.5321741244906795,0.07011009498082593,50,0.0132224321365356,0.001993213265927768,3,0.48355055323175833,0.06192394984834945,100,0.025859999656677207,0.0032233169272549165,2,0.4578204417366282,0.06059219681087594,200,0.035412323474883975,0.004465769655839587,2,0.1356424228222326,0.053030097798592746,25,8.389719414711,0.3677882736460962,1,0.09460772454098211,0.025858512599023397,50,25.774588525295258,0.37375819957006434,1,0.06781065133773978,0.025802239716842867,100,30.807746648788452,0.6485540432708145,1,nan,nan,nan,nan,nan,nan,0.5720646568105463,0.07509282850916005,25,0.013723456859588567,0.0012224622563339327,4,0.5323610167087207,0.07680985264054135,50.0,0.027863860130309996,0.003022867535579823,3.0,0.511194764576891,0.07556062922816204,100,0.045187830924987744,0.0034186194974051105,3,0.5019123372476407,0.08130038226806421,200,0.08348379135131831,0.01018193440407025,3,0.5588025380275905,0.06587739951271085,25,0.0073363542556762265,0.0008458357879321586,4,0.5169827564069043,0.06862261163163873,50,0.013403594493865922,0.0014677611250208096,3,0.46522883828466643,0.07655285899034842,100,0.020330822467803905,0.0018263221394160965,2,0.4273511461171398,0.05726342562418444,200,0.0357331752777099,0.002449985709913258,2
pom3b,20000,0.509645647958289,0.06615223326069397,25,145.83237392902373,15.221505839128397,3,nan,nan,nan,nan,nan,nan,nan,nan,nan,nan,nan,nan,nan,nan,nan,nan,nan,nan,0.5078371354381718,0.040718428774147976,25,46.40635814666748,5.283786109796815,3,0.4999669846964848,0.058947764081948774,50.0,116.21187491416931,9.735214678464002,3.0,nan,nan,nan,nan,nan,nan,0.4979407326342991,1.1390647892519134e-16,25,0.9959362030029297,0.01571927226207384,3,0.4711376046004183,0.0,50,2.449830174446106,0.08591332626642238,2,0.4711376046004183,0.0,100,2.428226721286774,0.19184522451318634,2,0.4711376046004183,0.0,200,4.82718459367752,0.12146585393997082,2,0.5310587394235975,0.06948048531980128,25,0.009806406497955281,0.0015914575318943653,3,0.5025701571822989,0.06269930891362477,50,0.0114094495773315,0.0015337662948896771,3,0.4704170326176357,0.051577584774001074,100,0.0253107070922851,0.004436145069740976,2,0.4530710312749509,0.05110064835836556,200,0.03923729658126827,0.006855238766222652,2,0.10500887124816008,0.052654443738417774,25,16.575128436088562,0.8476171944417024,1,0.08372844663660568,0.02488281060642096,50,27.29368019104004,1.1028225596178622,1,0.07402817935162437,0.023390790943900588,100,71.60244582891464,1.9612470635743122,1,nan,nan,nan,nan,nan,nan,0.5458418461069479,0.0435354846199695,25,0.010306167602539022,0.0011487154308467476,3,0.5335956884890796,0.04189392999167909,50.0,0.03841122388839716,0.009137349770129885,3.0,0.514170206374099,0.0501666390233144,100,0.03994827270507807,0.0044695673669260215,3,0.508776209767804,0.05542149504980672,200,0.07520951032638548,0.011448800449585976,3,0.5416918982020303,0.05442386061944145,25,0.0073491215705871,0.0006454883905819612,3,0.5045140293243479,0.05756538255324427,50,0.010958898067474316,0.001148075828905921,3,0.4542485632506196,0.07228604775293367,100,0.02025502920150752,0.001694791769488264,2,0.39349399214688224,0.038071248085130155,200,0.03744232654571529,0.0024438640922493813,2
pom3c,20000,0.42789767942778434,0.07146950533514007,25,105.5755166888237,7.7993341107441365,2,nan,nan,nan,nan,nan,nan,nan,nan,nan,nan,nan,nan,nan,nan,nan,nan,nan,nan,0.4190056658752682,0.06455277778265572,25,45.573601961135864,5.029999559492097,2,0.40164847177749985,0.06998501176410697,50.0,121.69082089662552,4.899858562896868,2.0,nan,nan,nan,nan,nan,nan,0.34253086350385936,5.695323946259567e-17,25,0.741035270690918,0.012698795093249499,1,0.34253086350385936,5.695323946259567e-17,50,1.479917585849762,0.1036608700355176,1,0.34253086350385936,5.695323946259567e-17,100,2.7794160723686216,0.05949475274470085,1,0.34253086350385936,5.695323946259567e-17,200,4.871071100234985,0.3074215709792273,1,0.46396332552613045,0.07153080428274586,25,0.006510841846466026,0.0012732157731231402,3,0.4373396757883091,0.07148405908211823,50,0.011401331424713083,0.001694787309360419,3,0.38732082349101,0.07230880853710056,100,0.02483812570571895,0.0032004703511507204,2,0.36796644989443716,0.05615477393817715,200,0.03259129524230952,0.0046180935009887585,1,0.2718448986636024,0.03280015263001723,25,17.975182723999023,0.3515011552149467,1,0.24863268206096537,0.04154208243801701,50,28.431203734874725,1.1562735086593214,1,0.23669230900533886,0.03642342126661926,100,58.43115879297257,4.146994388991172,1,0.20625396387649744,0.042738811127450746,200.0,107.5323071718216,3.135881405094363,1.0,0.4827053336930199,0.07784521796015473,25,0.01009324789047237,0.0011681351703457877,3,0.46697417767553484,0.07708963185343856,50.0,0.018073725700378376,0.0018658797284917881,3.0,0.44422981401794115,0.08447522457981156,100,0.036085784435272175,0.0034212071180917897,3,0.4421036194947279,0.08236653156433778,200,0.059547591209411575,0.007368366231130565,3,0.46736478056202213,0.08960060212243287,25,0.00596315860748287,0.001085958038822223,3,0.41097016730712055,0.08042342399428416,50,0.010720062255859326,0.0008322186299136481,2,0.3473923062344183,0.05819390541934579,100,0.019971060752868607,0.0016633392819699277,1,0.32763687543052694,0.03993482184060812,200,0.03694694042205806,0.0032354747630607655,1
pom3d,500,0.5845678724258974,0.03718840197249171,25,3.7955102801322935,3.9744512416042648,3,0.5730194819307235,0.03925068798429664,50.0,30.406349205970763,3.950096431317923,3.0,0.5724931542843918,0.03950452385754862,100.0,59.0875944018364,3.9460816806057735,3.0,nan,nan,nan,nan,nan,nan,0.5733472829526661,0.031914604197384934,25,45.20911614894867,4.992045043815205,3,0.5716997223174688,0.030354657490721557,50.0,114.21418297290802,12.25923650047384,3.0,nan,nan,nan,nan,nan,nan,0.5560452681749128,0.0,25,0.03817509412765498,0.0012486123913161445,2,0.5560452681749128,0.0,50,0.07686672210693356,0.0019316554662343714,2,0.5542990670895909,1.1390647892519134e-16,100,0.08927426338195796,0.0021962145018677892,2,0.520778140976535,1.1390647892519134e-16,200,0.1810489654541015,0.006260787656654546,2,0.6111769050236684,0.04911662695672098,25,0.0043644785881041944,0.0007179420640041072,3,0.5809403088848747,0.03063157297886386,50,0.009844112396240183,0.0011108300740308942,3,0.566310965476992,0.017652147939320673,100,0.021801197528839057,0.0028595192185297464,2,0.5598297590720657,0.01601011249493975,200,0.021093702316284137,0.0028713809250394177,2,0.0937475550331586,0.019870136035533552,25,2.091898334026337,0.1343311688873174,1,0.08510811642514984,0.027211496060601123,50,4.795214581489563,0.08372745128605127,1,0.06702303434327428,0.0139219622368343,100,10.941372156143188,0.1602252034691205,1,0.06028145995123452,0.015827880908119762,200.0,14.309912180900573,1.819734678618881,1.0,0.595523495886445,0.048910562516321754,25,0.00862020254135127,0.00044932082339719034,3,0.5818242419673398,0.03810221916198172,50.0,0.01781935691833492,0.0012462939132455463,3.0,0.5669392767001522,0.026350424313977123,100,0.020141649246215768,0.001092204432726664,2,0.5669392767001522,0.026350424313977123,200,0.037126255035400346,0.0014740118365618358,2,0.5981736849012416,0.03773692584617039,25,0.005342161655425975,0.0005573219429911122,3,0.5800501943965244,0.031556087146856135,50,0.01042292118072505,0.00098997790380007,3,0.553185493181667,0.01235612423001553,100,0.015351307392120313,0.0019793994823777313,2,0.5439276659986552,0.008267787968862121,200,0.02311508655548091,0.0028903398510892295,2
redis,4400,0.20067569761622212,0.10845022548036266,25,6.442171669006347,2.3940821160537427,1,0.1766435047168772,0.09771550142814317,50.0,26.489424026012422,2.9125936088995075,1.0,0.1508685224858273,0.09005504532886473,100.0,92.72278497219085,6.45569135703807,1.0,nan,nan,nan,nan,nan,nan,0.23991460738332138,0.0758729371581594,25,48.52516983747482,4.891534792598906,2,0.23788127184132907,0.04713987846285225,50.0,90.6962725520134,8.8770966269292,2.0,nan,nan,nan,nan,nan,nan,0.23536183720556886,5.695323946259567e-17,25,0.03234694004058834,0.0010467916663307597,2,0.20654770357173216,2.8476619731297836e-17,50,0.06186029911041256,0.0010808317731097296,1,0.20654770357173216,2.8476619731297836e-17,100,0.14910175800323486,0.006769431325489411,1,0.20654770357173216,2.8476619731297836e-17,200,0.16700323820114132,0.00895915740208152,1,0.27902316424238793,0.08568054499016883,25,0.004579615592956495,0.0011731465871712156,3,0.27644967779809804,0.08645699369619866,50,0.00724761486053462,0.0020978446719287836,3,0.24975365851508852,0.08357249928196284,100,0.014326238632202098,0.003583059222807368,2,0.2449842456616375,0.0846261767886884,200,0.015251374244689883,0.004187957488535201,2,0.3428386565792332,0.07807237601107894,25,2.638426923751831,0.15665096438470996,4,0.30872445474977106,0.05894593394214961,50,3.7211481094360352,0.0802820961974746,3,0.28884764650334144,0.07488248666690804,100,9.884000015258788,0.17107772872848379,3,0.20760660046460538,0.08012708150267257,200.0,22.699745845794677,0.5764271762178143,1.0,0.24966658173559667,0.08262549180393028,25,0.007277834415435745,0.0012717236363527806,2,0.24428734292027726,0.08354839106512368,50.0,0.015064787864685004,0.0016026034953186526,2.0,0.24287147708922863,0.08268785445932961,100,0.027058184146881055,0.002832398250934074,2,0.24287147708922863,0.08268785445932961,200,0.050707554817199664,0.005421393372694777,2,0.2438583909106075,0.06013221266942764,25,0.00435940027236933,0.0008914461737905186,2,0.22210909104501558,0.05953729743344922,50,0.006418919563293405,0.0014231798868972753,1,0.20616182815583786,0.06393078342694336,100,0.01310857534408565,0.0027636754729631068,1,0.1373337132541573,0.07085927402354807,200,0.024806308746337852,0.004206620020209164,1
rs-6d-c3_obj1,3840,0.11317975534701905,0.1155477113415852,25,1.88019118309021,2.4888201257306752,1,0.07847129704059984,0.09502648634649721,50.0,4.899862599372864,2.441695758029434,1.0,0.026300819337783454,0.02323557855448603,100.0,14.968858695030212,2.1745876074915227,1.0,0.01271924869614118,0.018424516019584936,200.0,29.9416726231575,2.621791702469937,1.0,0.1384046124773035,0.18671820193900973,25,56.30201365947723,5.151847702416926,1,0.14368417858863397,0.17067047019658302,50.0,91.317498087883,8.716058194957927,1.0,nan,nan,nan,nan,nan,nan,0.37079843656547207,5.695323946259567e-17,25,0.013017189502716025,0.025073194699166974,2,0.37079843656547207,5.695323946259567e-17,50,0.015329551696777282,0.0011545192284530634,2,0.37079843656547207,5.695323946259567e-17,100,0.03779519796371456,0.0008576040097471808,2,0.37079843656547207,5.695323946259567e-17,200,0.04868183135986322,0.002196799577159602,2,0.5316861535473394,0.2431743810035948,25,0.0032764554023742196,0.0004638315169576171,3,0.5301247040845233,0.2433018015170786,50,0.004869675636291461,0.0007974624822119281,3,0.5301247040845233,0.2433018015170786,100,0.014409279823303176,0.024431755363265063,3,0.5301247040845233,0.2433018015170786,200,0.016098523139953573,0.025830547057414152,3,0.0037163904955599134,0.010140195215947823,25,1.8783427596092224,0.0811032919457402,1,0.00029680992015853653,0.0004509622765484196,50,3.299808418750763,0.3348313787510664,1,8.668750053733275e-05,0.00028105464372622763,100,8.055261290073394,0.916143944337015,1,1.0278662009899353e-05,1.1302671700835686e-05,200.0,14.514932942390441,1.3050177646277181,1.0,0.5526554518765759,0.2531149232789311,25,0.006718790531158385,0.0006113871786570664,3,0.522196947278559,0.23534715469847417,50.0,0.010400557518005308,0.00106196062712527,3.0,0.522196947278559,0.23534715469847417,100,0.03032829761505122,0.029452451296901577,3,0.522196947278559,0.23534715469847417,200,0.04848395586013789,0.028353777771990316,3,0.5278574441093146,0.24199888234927752,25,0.003938341140747009,0.0004505180638864544,3,0.4926997160692893,0.21541788927811298,50,0.010348057746887159,0.024454780783571807,3,0.4926997160692893,0.21541788927811298,100,0.014952373504638627,0.028664181483629654,3,0.4926997160692893,0.21541788927811298,200,0.010550796985626176,0.0033236001933075157,3
rs-6d-c3_obj2,3840,0.17013713933621444,0.17740315218697528,25,2.567436945438385,2.2436093531196146,1,0.041795393753725006,0.048850241792828375,50.0,4.89905092716217,2.511079017594707,1.0,0.009743428800124344,0.023748863511613618,100.0,12.335485315322876,2.8280207189440327,1.0,0.001259677925547975,0.002238506416608733,200.0,35.938511562347415,2.894673023255153,1.0,0.4471093630780481,0.3843277154034475,25,41.316665828228,8.539199649284901,2,0.3624366777902226,0.39831434339892186,50.0,133.00285378694534,5.368572328565897,2.0,nan,nan,nan,nan,nan,nan,0.0722119368519856,0.0,25,0.01310920715332026,0.024126143665617727,1,0.0722119368519856,0.0,50,0.015188062191009474,0.0004246987711988337,1,0.0,0.0,100,0.02764897346496578,0.0012402016706420463,1,0.0,0.0,200,0.04912222623825068,0.024624003305440494,1,0.7249467912044247,0.3803187112592833,25,0.004521143436431841,0.0005946929646267962,3,0.6871307416119847,0.39240729863643553,50,0.00475310087203975,0.000777124746851828,3,0.6850864642928097,0.3949875062776395,100,0.011457240581512406,0.018278584193931992,3,0.6850864642928097,0.3949875062776395,200,0.015981626510620076,0.025490732618440183,3,2.814480393648067e-06,1.854073297840024e-06,25,1.6705394029617309,0.10197648426138485,1,1.573517683006731e-06,1.4448546697849447e-06,50,3.3106962561607363,0.3106687117749079,1,1.8959952320929397e-07,3.419539637133553e-07,100,7.770298564434052,0.682137205762502,1,3.311153404794709e-08,1.0191515141257268e-07,200.0,20.931166875362397,1.3143705178885121,1.0,0.808935161857816,0.3460059044769548,25,0.00561407804489131,0.0004626668750284325,3,0.7674934856655851,0.3705647360035633,50.0,0.009298443794250441,0.0006102418550952907,3.0,0.7227608541048225,0.39750972332328693,100,0.02332133054733271,0.025658445476844205,3,0.6549598918548506,0.4222816519558846,200,0.03966460227966305,0.024982131520475123,3,0.6902005839147046,0.38743805934636505,25,0.0032168388366698797,0.0005618404533322924,3,0.6880932363213373,0.3900160048562123,50,0.010430836677551222,0.02133570715804029,3,0.6880336643526983,0.3899674112441017,100,0.008106911182403505,0.0027232130228356873,3,0.6503891612992391,0.3982358662040141,200,0.00979806184768672,0.0032816419317143546,3
sol-6d-c2-obj1,2866,0.06039463862599809,0.05969410377318168,25,1.9884950995445252,2.8051593636245054,1,0.001284017914617935,0.0041889841957047855,50.0,3.877406632900238,4.425091738183046,1.0,0.0,0.0,100.0,12.426476418972015,3.053122760354962,1.0,0.0,0.0,200.0,31.993149042129517,2.5281691758703198,1.0,0.3126070014928848,0.15722587423567194,25,25.174573123455048,7.348383234442552,2,0.17283351937326225,0.17575067871002154,50.0,56.496797144412994,6.843343842410824,1.0,0.12373310232424357,0.15153254562995125,100.0,119.23743333816529,8.080570616136423,1.0,0.34926999301494255,5.695323946259567e-17,25,0.008222985267639111,0.0007026926741143376,2,0.34926999301494255,5.695323946259567e-17,50,0.026984512805938686,0.030160801390915527,2,0.34926999301494255,5.695323946259567e-17,100,0.027563691139221143,0.0014883215779589716,2,0.34926999301494255,5.695323946259567e-17,200,0.03563970327377315,0.0015092951327731145,2,0.6145080071357155,0.2355742736407954,25,0.0035181760787963306,0.0006525814353363701,3,0.6145080071357155,0.2355742736407954,50,0.00566817522048945,0.0009261791616571856,3,0.6130968714475504,0.23667176018365202,100,0.008877611160278274,0.00132432463863636,3,0.6130968714475504,0.23667176018365202,200,0.010352504253387395,0.0013198348180993385,3,0.0143324990070261,0.002205948338840499,25,1.6842005372047424,0.07249750130271836,1,0.013095095222768504,0.0034527042317419264,50,3.8054269790649413,0.4981188978077567,1,0.011608095476148031,0.001883261941483484,100,8.584139502048492,0.9385353317566699,1,0.008979471121581033,0.003390544468362707,200.0,22.242698395252226,2.7771718817592896,1.0,0.6162311591771328,0.23334432119812124,25,0.005540251731872515,0.00037609849239221327,3,0.6162311591771328,0.23334432119812124,50.0,0.01303546428680416,0.0005666184844242095,3.0,0.6162311591771328,0.23334432119812124,100,0.02024545669555661,0.0008069909523522122,3,0.6162311591771328,0.23334432119812124,200,0.033328115940093946,0.0011262928284932136,3,0.5846802024981853,0.23584907646132505,25,0.004215252399444525,0.0006197078654332059,3,0.5803919165080191,0.24545846745479613,50,0.003949999809265069,0.0007754595154534564,3,0.5803919165080191,0.24545846745479613,100,0.006821227073669391,0.00141004656858575,3,0.5803919165080191,0.24545846745479613,200,0.006553399562835645,0.001288059428165478,3
storm,1557,0.06718297852634994,0.08141431215514115,25,2.908438336849213,1.8696907639954028,1,0.007634102864699979,0.021237751295216583,50.0,7.421939015388489,2.115211515127582,1.0,0.0,0.0,100.0,20.57160415649414,2.8673053891480977,1.0,0.0,0.0,200.0,53.44383589029312,3.1528267547487134,1.0,0.14836717991459997,0.14459954791483798,25,38.739522743225095,4.502618086055632,2,0.09614621505209997,0.089471795356251,50.0,105.67329497337342,7.498528220357976,2.0,nan,nan,nan,nan,nan,nan,0.0126943403829999,0.0,25,0.00880519151687617,0.00043045666781904324,1,0.0,0.0,50,0.02066842317581171,0.0007318665810286329,1,0.0,0.0,100,0.0448474287986755,0.0014550974830405065,1,0.0,0.0,200,0.05810918807983395,0.0018739370838976276,1,0.10751195286117143,0.22394843625805555,25,0.008430266380310006,0.0008420535668598431,2,0.028600327094899923,0.046960009006279675,50,0.009660089015960643,0.0010774151827602915,1,0.013235504389349905,0.0033292717361492574,100,0.016591501235961873,0.0021534497120257296,1,0.013108588220749905,0.0033049095868281034,200,0.02361594438552852,0.002904911729986963,1,1.239202933777646e-05,2.9259614549462563e-05,25,2.1705147862434386,0.18596934630824813,1,9.94085869955863e-06,1.837700955045985e-05,50,4.073695337772369,0.8890667768390361,1,2.1107302718204045e-06,4.3170201075324954e-06,100,11.382799196243287,2.4795969641114555,1,0.0,0.0,200.0,25.929026114940644,2.589087485527428,1.0,0.2270451274131934,0.2932061855480817,25,0.0074843049049377,0.0003411257281983266,2,0.046176922772949915,0.06990662878580481,50.0,0.01385304927825923,0.0007837333301619369,1.0,0.014211546919899901,0.0017148081959029718,100,0.026423847675323454,0.001020966226140166,1,0.013870221408499899,0.0012064284767906916,200,0.048481249809265096,0.001897359831922137,1,0.16597182787869996,0.2153191885030448,25,0.005697727203369084,0.0019424505298486039,2,0.03212449768014995,0.05723048365975006,50,0.009492397308349564,0.0005125500819351603,1,0.006253821442949956,0.006468949067564774,100,0.0240164995193481,0.0015833508025983511,1,0.00375233371859997,0.00588068674680975,200,0.02682887315750117,0.004583113540840146,1
wc+rs-3d-c4-obj1,196,0.08964365092647238,0.139888130499784,25,1.1934094905853272,2.6823655392398433,1,0.02022648733238793,0.06225581442526384,50.0,3.0623114705085754,1.4688118270904702,1.0,0.02022648733238793,0.06225581442526384,100.0,6.903722035884857,1.4509499313000713,1.0,0.02022648733238793,0.06225581442526384,200.0,19.412275850772858,1.6881352231401732,1.0,0.3438928574574346,0.24452729972047862,25,64.39237823486329,4.470989539202655,2,0.3554954153491117,0.23863777505832548,50.0,103.5939709186554,9.041766527755852,2.0,nan,nan,nan,nan,nan,nan,0.6598197849045635,0.0,25,0.006724989414215019,0.00029339740231365866,3,0.6598197849045635,0.0,50,0.013419830799102733,0.0013709878838079215,3,0.0,0.0,100,0.023249185085296577,0.0011427625127829245,1,0.0,0.0,200,0.026450538635253863,0.0016169005393772476,1,0.6228049313990598,0.22921493724689684,25,0.0026344537734984998,0.0007235280732358492,3,0.6228049313990598,0.22921493724689684,50,0.0055873870849609,0.0008499653604902981,3,0.6228049313990598,0.22921493724689684,100,0.006289708614349321,0.0010183779896296714,3,0.6228049313990598,0.22921493724689684,200,0.006752812862396195,0.0008371323043442722,3,0.0042261584941557595,0.015131331450018656,25,1.5223158955574037,0.24492748240900866,1,0.00015707897696076001,0.00048347888978826723,50,4.006847703456879,0.47546487550888383,1,0.0,0.0,100,12.563025045394898,1.8475659824480055,1,0.0,0.0,200.0,33.681383800506595,17.94862820363264,1.0,0.62863226783874,0.21349010698336116,25,0.00693627595901485,0.0004851646275699042,3,0.6228049313990598,0.22921493724689684,50.0,0.01075823307037348,0.0004495944285678304,3.0,0.6228049313990598,0.22921493724689684,100,0.01583089828491206,0.0007308974593565203,3,0.6228049313990598,0.22921493724689684,200,0.03335400819778438,0.001053001532034098,3,0.5659680322261469,0.2109543486989858,25,0.0029990077018737203,0.0005133596419129608,3,0.563285945395237,0.21026911088915057,50,0.005041074752807561,0.001260247549051104,3,0.5347775791046793,0.20472638773605395,100,0.006928372383117635,0.0026590022942653193,3,0.5158253399218422,0.19859751966901631,200,0.008547532558441099,0.0025456279364998967,3
wc+sol-3d-c4-obj1,196,0.07003348914740745,0.18047590176534975,25,1.4655522346496581,1.9006435467201699,1,0.0,0.0,50.0,3.0629549264907836,1.9662118978432908,1.0,0.0,0.0,100.0,6.878577530384064,1.1638987817910835,1.0,0.0,0.0,200.0,18.91420582532883,1.8909558197774425,1.0,0.2971546776857844,0.26351757114779983,25,45.43838398456573,8.125820700906813,1,nan,nan,nan,nan,nan,nan,nan,nan,nan,nan,nan,nan,0.6152563903017036,1.1390647892519134e-16,25,0.006676757335662804,0.0004002690891613952,2,0.6152563903017036,1.1390647892519134e-16,50,0.011472511291503859,0.0006864148173846761,2,0.03901209525578771,7.119154932824459e-18,100,0.03182027339935299,0.0010015108919828532,1,0.0,0.0,200,0.025649809837341275,0.0006829651833665777,1,0.6190347560781715,0.22935185766044203,25,0.0026591539382933953,0.000820589033905637,2,0.6190347560781715,0.22935185766044203,50,0.004453194141387879,0.0005344003486207499,2,0.6190347560781715,0.22935185766044203,100,0.00675216913223262,0.0007478387112055433,2,0.6190347560781715,0.22935185766044203,200,0.007294702529907179,0.0004879983928040415,2,0.000707439410751665,0.0008769050717045675,25,1.4543823957443238,0.2150626100714179,1,8.150532127656999e-05,0.00025086808562851904,50,3.8176857352256777,0.6052225835513863,1,4.0752660638284995e-05,0.00018225143890237042,100,11.239571416378022,1.671985761773844,1,0.0,0.0,200.0,33.883007168769836,15.076018718421603,1.0,0.6190347560781715,0.22935185766044203,25,0.005499815940856896,0.0008920384033289249,2,0.6190347560781715,0.22935185766044203,50.0,0.008335828781127876,0.0005137280082936707,2.0,0.6190347560781715,0.22935185766044203,100,0.01640175580978389,0.002600925403472676,2,0.6190347560781715,0.22935185766044203,200,0.029382073879241903,0.0010793788850361574,2,0.5585742091724447,0.21108702265060608,25,0.004742467403411805,0.0009757359729771816,2,0.5443718650994883,0.20721387926729018,50,0.005431330204009981,0.0012223013049429143,2,0.5118542544271447,0.20122240277226563,100,0.006266808509826605,0.0017189472493351595,2,0.5118542544271447,0.20122240277226563,200,0.00839614868164058,0.0024966348421182048,2
wc+wc-3d-c4-obj1,196,0.04915226289549749,0.15128747306033635,25,1.3887573599815368,1.4308200220862064,1,0.0,0.0,50.0,2.824654746055603,1.916370241084062,1.0,0.0,0.0,100.0,3.2826035141944887,3.107230412485089,1.0,0.0,0.0,200.0,7.820900797843933,3.092829724868197,1.0,0.283310539486702,0.2288493505403189,25,65.91564676761627,4.54171797090994,1,0.21207006925449573,0.24122964789083098,50.0,99.79058352708816,8.281972290049442,1.0,nan,nan,nan,nan,nan,nan,0.6331031316482053,0.0,25,0.0070246219635009405,0.0012249807711734654,3,0.5600496614871289,1.1390647892519134e-16,50,0.01567378044128413,0.0005518467137460666,3,0.18052403215063978,2.8476619731297836e-17,100,0.025834453105926452,0.0009237362027559146,1,0.18052403215063978,2.8476619731297836e-17,200,0.025027716159820506,0.001272953450671965,1,0.5911042567912731,0.1876493932729053,25,0.0031585097312926804,0.0003889263574826227,3,0.5911042567912731,0.1876493932729053,50,0.00458440780639644,0.0018839024262268503,3,0.5820780551837411,0.21129080438551912,100,0.008080422878265324,0.0008626168456911407,3,0.5820780551837411,0.21129080438551912,200,0.007346618175506541,0.0014555685301696909,3,0.0012809010197416752,0.0012696099906859234,25,1.427706003189087,0.25634810345161696,1,0.0004831972168874499,0.0006503780301588257,50,3.8157939434051515,0.538864348463584,1,8.018260942662001e-05,0.0002467968644562334,100,10.909321618080138,1.8866322472578057,1,0.0,0.0,200.0,28.72964200973511,15.414049040470225,1.0,0.6001304583988051,0.16002895022268104,25,0.004724240303039499,0.0008561276001284784,3,0.5820780551837411,0.21129080438551912,50.0,0.00921905040740962,0.0004723245863352722,3.0,0.5820780551837411,0.21129080438551912,100,0.020458197593688908,0.0009892266493559069,3,0.5820780551837411,0.21129080438551912,200,0.032654500007629345,0.0011333487269141744,3,0.5376599610726365,0.2021289529419138,25,0.0037564992904662543,0.0013133496856360069,3,0.489144632614923,0.190526458901744,50,0.006058156490325874,0.0015951192540087978,2,0.4792495166411247,0.18464131440428377,100,0.006808626651763875,0.0021929899641835752,2,0.47565584848073356,0.18459846933825452,200,0.014064133167266795,0.004493023669501752,2
wc-6d-c1-obj1,2880,0.11220243890126842,0.11889465379414753,25,1.844566547870636,1.892200868177669,1,0.021954438266663722,0.030099534835490348,50.0,4.706693863868713,2.0638655820489067,1.0,0.002855721177768635,0.0026502015993805973,100.0,12.50917445421219,1.8962286349916708,1.0,0.001298055080803925,0.002306704411151079,200.0,15.257442247867584,2.19005783549388,1.0,0.18186040138747658,0.14031710108588483,25,53.50588730573654,3.9576080788882537,1,0.10233000887004302,0.12493494831051483,50.0,131.04953069686889,4.006271285598347,1.0,nan,nan,nan,nan,nan,nan,0.36579192177054703,5.695323946259567e-17,25,0.00848057270050043,0.0008991716471571293,2,0.36579192177054703,5.695323946259567e-17,50,0.015267491340637155,0.0007192120825445799,2,0.2080638066186386,0.0,100,0.02817418575286862,0.0006461625309032394,1,0.2080638066186386,0.0,200,0.03834037780761714,0.001423234549914425,1,0.5354050292422965,0.12916503741355784,25,0.0031918525695800253,0.0006183260292895404,3,0.5354050292422965,0.12916503741355784,50,0.005222344398498491,0.000873995396597883,3,0.5354050292422965,0.12916503741355784,100,0.007451045513153021,0.0011873912587795285,3,0.5354050292422965,0.12916503741355784,200,0.009187793731689405,0.001228530428419578,3,0.001307220791957795,0.0032565838039660903,25,1.7205746054649353,0.048770809741558174,1,0.00028422214049278504,0.00013404695046096706,50,3.8488884806632995,0.4591934562173048,1,0.00015371856723562,9.956799143049197e-05,100,9.131211960315705,1.3403054946814643,1,0.00013873901160313498,8.649878559592348e-05,200.0,21.677240252494812,1.88153506652575,1.0,0.5525617117019664,0.1334300844267049,25,0.00619195699691767,0.0009158582481346768,3,0.539095832522049,0.12768898741710233,50.0,0.009288263320922805,0.0005356251462250606,3.0,0.539095832522049,0.12768898741710233,100,0.017599177360534637,0.0010088273399165605,3,0.539095832522049,0.12768898741710233,200,0.032375466823577816,0.0008563571860763911,3,0.49515176427319735,0.14839689940178558,25,0.002918863296508755,0.0003485755705348221,3,0.49515176427319735,0.14839689940178558,50,0.00388891696929927,0.0008501095938663214,3,0.49515176427319735,0.14839689940178558,100,0.0050657510757445845,0.001355813127982856,3,0.49515176427319735,0.14839689940178558,200,0.007431805133819534,0.0014882172579993712,3
x264,53662,0.3738621772007419,0.12358570706946716,25,9.342785811424255,1.7780682323620185,1,0.3424162980929282,0.10260662471429245,50.0,42.59325114488602,5.338824468868147,1.0,0.3140105578541875,0.097868195633615,100.0,151.84381749629975,19.02898110486337,1.0,nan,nan,nan,nan,nan,nan,0.30250630142198126,0.08106566465692691,25,11.624078464508056,5.988267120904428,1,0.2846304751034384,0.08235430468294308,50.0,46.05129588842392,6.322813906529029,1.0,nan,nan,nan,nan,nan,nan,0.5301635991820041,1.1390647892519134e-16,25,0.01686320304870602,0.0005747902552964747,2,0.3316331383459363,5.695323946259567e-17,50,0.04172104597091671,0.0017891903730981747,1,0.3316331383459363,5.695323946259567e-17,100,0.14130518436431885,0.010195411976815916,1,0.3316331383459363,5.695323946259567e-17,200,0.09883742332458494,0.0028486140437482457,1,0.5881360869358445,0.030263076557139695,25,0.006049239635467474,0.0010850750360170778,3,0.5881360869358445,0.030263076557139695,50,0.00885633230209345,0.001261182713849096,3,0.5827923622009797,0.03256594809469673,100,0.014475524425506528,0.0030257605324972136,3,0.5827923622009797,0.03256594809469673,200,0.01670260429382319,0.0034474557770614,3,0.14308745898130973,0.03279877898558946,25,3.4411291122436523,0.2644769967349263,1,0.14126183002805912,0.0367985438162295,50,6.117449414730072,0.1936962263468393,1,0.13636931088600368,0.030233289858382046,100,16.338653492927552,1.1090872886153609,1,0.12402209064536067,0.021248507194556728,200.0,29.70805151462555,1.6102348912266091,1.0,0.5834361772958577,0.031881218571825215,25,0.013713860511779747,0.0013564695229562453,3,0.583103866457412,0.031949264404891514,50.0,0.018043780326843218,0.0020801194867357212,3.0,0.583103866457412,0.031949264404891514,100,0.033588755130767776,0.004071903025088285,3,0.583103866457412,0.031949264404891514,200,0.06651604175567623,0.008579919355211537,3,0.5881360869358445,0.030263076557139695,25,0.005525493621826125,0.0006097251246230775,3,0.5792695106291911,0.04219761447734608,50,0.00688947439193721,0.0016235814083705848,3,0.568766348028725,0.08290907819906337,100,0.008406484127044627,0.00311249371078654,3,0.5568340704808105,0.13421746351791125,200,0.013783490657806357,0.006202358327323356,2
xomo_flight,10000,0.6238346612253947,0.08421390547273973,25,150.87382229566575,15.381270574725065,4,nan,nan,nan,nan,nan,nan,nan,nan,nan,nan,nan,nan,nan,nan,nan,nan,nan,nan,0.610672173415578,0.07165924018772797,25,4.317091298103333,6.192479742083092,4,0.5343908708501844,0.0752675573166052,50.0,78.42899415493011,2.8922853483858955,3.0,0.5492872348691635,0.06644808279450824,100.0,118.27245606184006,6.7350721965342375,3.0,0.6655332871093634,1.1390647892519134e-16,25,0.23134334087371822,0.004068109848080131,5,0.5874362725810046,1.1390647892519134e-16,50,0.20565203428268428,0.005315725223842547,3,0.5513177386485436,1.1390647892519134e-16,100,0.7266250729560852,0.02059271549393278,3,0.5513177386485436,1.1390647892519134e-16,200,1.573807990550995,0.03242891235547944,3,0.6221799027321996,0.0835527344416785,25,0.014540362358093209,0.0032862994436982655,4,0.5610866856223132,0.09695068107127777,50,0.01917343139648433,0.0018383114299770327,3,0.49842827115118615,0.0897299861774956,100,0.037024855613708454,0.0030988335867463603,2,0.4572001319979761,0.08116968429790443,200,0.060957169532775836,0.00582444855070517,2,0.09343945990595294,0.027829712829664913,25,9.428117525577544,0.320387657594772,1,0.054777174222992484,0.025561044180965053,50,17.63958750963211,0.1512662229621018,1,0.04426814276470772,0.016182978658154885,100,39.78425537347793,0.333330774739199,1,0.03327136285607098,0.018440467120670562,200.0,81.6130009651184,1.3429847748235582,1.0,0.6851520811436601,0.07416228446514506,25,0.019034767150878866,0.00040005314216816335,5,0.634049578297437,0.07722958910385125,50.0,0.03513869047164913,0.0006614565623663792,4.0,0.5861711896923829,0.08672082301466262,100,0.06727523803710934,0.0018862440558699417,3,0.5860119400681872,0.08656333862398681,200,0.12499425411224363,0.0018583582972284353,3,0.6384742508684487,0.0862109561947985,25,0.00763446092605585,0.0010328876098752164,4,0.5624253466416788,0.06720521898127003,50,0.013122749328613237,0.001599295887943811,3,0.4240693151590714,0.13633710967420748,100,0.02433148622512813,0.0009193810236151475,2,0.40520913079763987,0.12694684865317976,200,0.04485797882080073,0.0013247855933685624,2
xomo_ground,10000,0.6122480721086576,0.06268741239114918,25,152.61634024381638,18.135834576938528,3,nan,nan,nan,nan,nan,nan,nan,nan,nan,nan,nan,nan,nan,nan,nan,nan,nan,nan,0.6600701784429193,0.04203811649351075,25,5.9222145795822145,6.920695363451023,4,0.6066478189640794,0.0787373329837258,50.0,109.63381952047348,3.5602923742770396,3.0,0.5967081890760957,0.057792760122101994,100.0,112.55398672819138,6.525117137481394,3.0,0.6291772394089352,1.1390647892519134e-16,25,0.1777834296226501,0.001618844720846619,3,0.548789063272569,1.1390647892519134e-16,50,0.4015825867652893,0.007568736205958591,2,0.548789063272569,1.1390647892519134e-16,100,0.801250946521759,0.019206077604832696,2,0.548482681133791,0.0,200,1.3954660296440125,0.03040671778840998,2,0.6295224548462734,0.09523306864824868,25,0.010006010532379105,0.0009780639761151101,3,0.5682757189739456,0.08941346231762146,50,0.019553732872009226,0.0012520688495738107,2,0.5279175247699968,0.07433738084510384,100,0.03722229003906245,0.0021059493741751906,2,0.4970623107250235,0.0748657050311968,200,0.08530623912811275,0.008524775967870728,2,0.11030212071385956,0.03660888696697419,25,8.237246084213258,0.3337995408188047,1,0.07825045969925168,0.02844048871164989,50,13.979479515552521,0.5459488372843796,1,0.07509405496822362,0.021969755932250826,100,34.80738207101822,1.5274926256354389,1,0.06168089784366977,0.01973630383969455,200.0,78.32098385095597,0.8700580068312175,1.0,0.6553029953998136,0.06446512115242771,25,0.02412576675415034,0.0008951023515815825,4,0.612941219825402,0.09159707368859384,50.0,0.0371391654014587,0.0008981995898477356,3.0,0.5726341649204525,0.0902782897066056,100,0.06614354848861691,0.002050780635763194,2,0.5726341649204525,0.0902782897066056,200,0.12554233074188229,0.002591137931373053,2,0.6134750797525083,0.07271745456472974,25,0.009607267379760694,0.0005442451617017213,3,0.5397796472282184,0.09556768538312777,50,0.019403219223022423,0.004155326932801255,2,0.4423754842736819,0.10931843377402276,100,0.03568569421768183,0.0014714404010562536,2,0.32716623827718583,0.06715340895483042,200,0.04620738029479974,0.001662211759284506,1
xomo_osp2,10000,0.48661708554356553,0.07033925971778122,25,37.5449560046196,5.202887737000613,3,nan,nan,nan,nan,nan,nan,nan,nan,nan,nan,nan,nan,nan,nan,nan,nan,nan,nan,0.47285314348963203,0.06635370897322189,25,16.19896947145462,2.8314214964965267,3,0.42895154968048504,0.06421349608437467,50.0,42.88014405965805,6.33451203021122,2.0,nan,nan,nan,nan,nan,nan,0.5354835700131847,1.1390647892519134e-16,25,0.11722775697708125,0.0018827999484425676,4,0.5354835700131847,1.1390647892519134e-16,50,0.1994656324386596,0.002721805326424063,4,0.4335553966282003,1.1390647892519134e-16,100,0.44465075731277465,0.010522322379624721,2,0.37946527217509274,5.695323946259567e-17,200,0.8787794470787048,0.019798732934485617,2,0.4973007364495022,0.06444558943428637,25,0.014313256740570029,0.0018098465900269602,3,0.46116821226935717,0.053078087041010164,50,0.01929373741149896,0.00155612928738663,3,0.37431260751998796,0.07509652980720644,100,0.05402162075042721,0.004670626989426312,2,0.34701996667555085,0.0708328210094912,200,0.07711311578750606,0.005018471949437812,2,0.17721627980110896,0.03357191678453085,25,7.144909238815307,0.3738891491260019,1,0.151204782586634,0.028425173197333415,50,10.892296946048736,0.6499065915461886,1,0.1404890767702885,0.030517601032594086,100,26.995865321159364,1.213524244182925,1,0.12082832640425412,0.025119925064707806,200.0,54.391061341762544,2.585823678393561,1.0,0.4975370590977307,0.08105943711228111,25,0.01819421052932736,0.0003418707544635139,3,0.4523351267675947,0.07545451763262545,50.0,0.035095489025115924,0.0006509380842636172,3.0,0.40488755161536344,0.07112123028553204,100,0.067107617855072,0.0016281699166279815,2,0.40488755161536344,0.07112123028553204,200,0.13371703624725337,0.0021749240002791386,2,0.46053560247445435,0.11039848775084504,25,0.009054493904113722,0.0005138871671666778,3,0.3963366100518752,0.0844492789910096,50,0.01299057006835932,0.0005064954044992738,2,0.3229835325675755,0.0632738415131863,100,0.024069273471832225,0.0008833667371966332,2,0.2874487108229853,0.04346956495007965,200,0.04266554117202753,0.0036521607680203736,1
